10000
6314 7307
6659 1183
54 1840
600 189
5481 4322
1831 311
2995 863
1687 2224
3752 1667
9406 8891
717 2401
4907 3489
315 3753
1643 1047
8459 1346
1511 5489
5716 9022
7534 2623
107 801
7157 5810
9138 7296
856 2758
2343 3258
6176 856
1697 7940
4145 5336
8317 992
7238 5778
1034 959
3499 271
949 912
8664 2590
43 38
8616 7617
1494 7655
1830 2024
919 366
425 141
2497 615
772 7195
471 561
671 555
3238 8041
5112 2128
1001 4534
187 787
2069 626
3434 6162
534 2240
1010 207
2581 1573
5273 7948
993 1969
4402 372
1326 2872
6675 4691
2563 6035
5834 6748
7319 7108
371 5933
339 1140
9249 655
272 93
7049 3044
6917 8778
4613 7636
1833 6684
7302 5160
1323 6168
1403 403
190 267
1503 6487
1532 8013
597 2372
2013 2356
4100 6053
6534 6818
1903 869
5824 2007
4891 3105
1829 4543
2442 4059
3762 991
816 499
3554 3155
8441 9460
7565 538
3210 3251
6825 896
1029 744
5777 3428
2590 7
2425 2577
4420 5263
7988 467
798 5652
6268 6436
8084 4487
3632 3899
1643 2644
2574 307
9568 6632
1704 4803
6428 1309
1753 5039
3501 5819
298 624
6937 3186
6880 6825
5763 4706
4119 418
9798 7589
1684 6791
1366 941
5874 3238
1078 1472
5183 6738
7486 7427
7587 5322
9453 5827
292 475
5870 5574
7247 1307
3006 1871
1357 797
575 6160
3959 3566
1330 3782
3484 2954
103 39
773 1200
7446 3101
6842 1237
1093 327
7689 8204
2080 1947
837 3111
4564 8815
1480 961
1886 1550
3510 360
46 513
1940 2667
9134 1978
4408 8366
7670 2014
1594 1427
532 8008
3628 1270
8160 4346
3424 6174
4595 2563
3671 444
133 83
7 7689
2314 6559
3804 1290
3851 6677
8791 5386
2438 3124
7278 1103
3964 561
241 548
3286 1960
619 1804
5767 5958
6546 5809
6832 1262
3136 6725
6578 7431
6702 2539
91 8054
2274 4883
2728 5111
4953 2689
722 4450
2258 1100
253 945
9115 6114
1038 2101
2105 2152
1923 7470
5571 5905
1595 325
8418 6472
3529 6395
1025 252
4101 9463
3727 4274
4865 9546
4112 5325
2826 2407
7982 3042
1274 2412
654 4284
5322 4527
8038 4269
147 2170
8350 818
2377 830
1401 2978
2945 1074
2773 4299
3542 2887
474 1306
159 3039
25 114
3695 5631
1454 2403
4497 480
6318 2935
1914 4315
1424 836
4313 3452
1939 448
2794 1434
732 4527
7910 1584
410 7613
4235 2681
2296 2022
8638 8363
349 55
1446 1077
3201 2494
6555 8837
697 30
3787 2589
204 17
5219 5404
1968 5411
6247 5595
2904 6350
3416 8590
6179 6751
3058 8774
7792 7179
1775 4140
5057 4293
418 3007
4847 10
6571 2796
1276 2768
225 254
279 236
2717 2234
5697 5684
6320 9818
4106 7743
391 349
4994 8173
5514 6263
1376 581
5143 9984
5584 9024
3487 9840
3438 8376
398 1137
1338 3134
4957 7439
9799 4874
2046 3013
3485 3595
2745 5083
781 4237
1403 5838
2060 6899
4406 4778
3744 2790
6859 2800
6969 2922
3174 2379
4723 4346
8669 4803
4388 4401
2590 3862
3849 7490
2770 870
4341 2142
7597 4614
42 330
3038 4842
1715 5242
6870 8913
8172 4508
2980 8373
8224 2377
7037 3458
5948 5046
158 2142
3765 1612
3873 1658
302 1417
8979 5560
3756 895
142 923
4781 4633
3440 7849
6785 5552
4317 5377
3662 4919
4510 535
8129 7471
8230 7125
2975 8116
1603 3859
8674 3475
1608 307
5017 7515
5645 4541
9397 1041
743 959
164 75
932 1350
5492 8193
774 298
946 1237
1847 8266
1652 8604
8348 3812
3621 571
1691 8381
1180 3464
6814 4751
2068 9738
4397 2542
1226 3133
1063 1348
5780 3656
443 27
3130 6552
5682 4134
1055 2344
2195 3847
2220 9764
3223 4035
1570 850
4873 3737
8 4215
1528 5398
3378 3159
1392 2965
632 230
1515 6097
3032 5151
272 2031
2343 1494
1714 4823
108 1281
3553 5737
7347 2946
1866 1357
8230 9748
1206 836
8608 7979
746 2353
2011 1671
9439 7256
8281 2206
4536 6952
661 221
5413 6332
8894 6679
1176 4574
5009 2289
99 8
2158 1828
7533 9665
1456 1385
6539 9879
9918 8780
4186 9142
4235 5320
4716 6834
2211 8610
2359 2566
3712 2045
9683 568
8347 2743
3613 4019
8055 3127
3400 148
5510 404
1240 41
8388 9442
9671 1752
163 1644
135 366
4480 9925
1386 5814
2252 52
4267 615
4075 5783
6226 7462
9773 518
2823 4701
8072 4716
8821 9681
1605 5704
4861 7382
135 6854
9854 2437
6934 5648
2452 5228
5405 3619
2651 3504
4752 3201
4617 1976
1843 642
7283 1667
674 2114
3722 7261
3503 2279
502 404
622 140
3115 2894
8479 7403
807 4248
5087 9489
6841 8872
1562 6333
2368 7576
511 339
2935 9110
5684 2323
7500 7518
1693 1790
5425 2654
5118 7956
1469 6202
2875 6870
892 5420
9913 7859
3326 408
2665 139
7 24
5836 8030
616 4160
1757 6046
779 2653
39 5664
3689 1097
600 3625
3 839
741 8809
9834 8013
5862 4376
718 2681
4922 1661
4411 7419
471 1502
900 263
2339 1599
2811 5369
277 163
132 1004
5234 4685
3218 2930
1119 1108
1498 183
1758 344
3546 3913
5094 2269
4489 7572
5207 7566
7054 54
7200 8560
286 4207
4510 9866
1610 1860
3248 371
3566 5612
6485 5902
3225 4959
2323 979
4331 580
6706 4353
879 2210
23 648
3742 2182
2341 6921
6463 920
5766 1066
8981 5384
46 5160
2862 3186
5390 4786
3759 2680
1332 3308
5960 2504
3981 8987
5902 4046
1033 858
851 98
3918 4085
4943 476
2281 2576
7095 3463
970 5937
187 239
4112 1229
7192 3616
9635 7286
730 469
3262 3001
1661 99
131 2182
4537 8807
3890 811
2414 1374
4246 3063
3214 6758
9810 8587
4231 3724
489 101
561 584
8435 4255
2294 6525
930 742
2774 1512
1729 3479
9143 1593
5735 5491
3062 1410
705 2051
2157 5581
7375 3830
2186 1083
6748 8275
3831 4033
5060 1898
1093 1998
503 8535
2982 2156
3146 3383
169 1702
5591 5389
196 348
40 47
3518 750
7775 1233
153 645
437 312
174 355
8500 947
1702 3451
9686 6871
408 524
1017 8905
96 6415
4360 3820
6561 3078
4348 6714
8284 3903
9247 7770
883 9310
3020 4507
2907 4128
8442 1288
6762 5194
2055 3649
8465 4718
8499 9759
735 1198
4546 3226
255 619
3965 2283
821 865
1686 134
4660 3358
3586 2789
1301 1875
7138 4249
9019 221
4231 5332
462 3631
2002 1322
9651 6130
3857 7248
1108 582
9571 9735
3748 2506
7243 4977
9257 2197
184 50
4817 6805
3632 9706
1257 9234
6159 1996
1892 5283
795 1053
4685 1247
1621 4925
8370 6409
4145 94
843 5349
204 571
1545 3495
3355 4148
489 2405
969 812
3601 6217
7394 8426
7400 8764
2062 3723
783 1299
1976 6980
1815 1711
7328 4820
5108 8087
6943 4081
437 1621
1224 1119
4831 7270
4337 7221
2494 8697
7063 8557
665 59
1014 5818
635 2007
2247 714
7164 1635
1662 9042
196 5502
2331 2176
2637 2786
9528 1686
5651 2765
6070 420
274 319
4987 457
5756 100
2313 2554
7386 1539
6295 5487
8083 7330
1435 1985
2672 8398
2370 3049
4740 4941
5124 1498
4386 6484
2554 2703
2711 1130
1816 2492
2771 5467
3481 747
304 2389
496 3866
856 9469
895 5053
8880 2903
5875 5348
2366 7404
4218 1057
2453 3686
529 7331
6074 3078
5942 4295
106 3732
3307 6206
4525 7016
741 5555
503 3962
931 1768
2449 6254
2588 127
2776 1631
7694 2703
519 1022
6821 4768
8170 2703
2097 912
6560 7124
5386 8271
270 8619
9410 2216
5937 7367
9263 6303
950 1445
2966 63
3612 3073
8898 1459
105 104
10 76
7417 4267
183 4667
454 19
9126 8294
938 23
8312 4360
6095 4170
9808 6282
163 3468
7046 8486
3036 4004
3314 1353
8082 2718
1032 1202
199 1701
2325 8797
1249 600
4157 8846
1163 6783
698 315
5113 1387
233 299
1940 3513
1682 1129
3036 6453
239 772
1304 2614
2491 7681
1191 1941
129 3729
1395 5961
4705 5376
3328 1545
411 1576
2760 7496
9253 7448
1457 3894
8867 6288
8575 3430
6844 1974
1264 1999
412 8
6701 6266
8780 4521
4252 7255
6336 7936
5700 1716
6238 1422
3555 2014
4488 8383
1011 66
4449 8203
991 2664
5113 6214
906 124
4346 3441
4103 6135
4212 3543
2833 4894
4135 2855
177 280
5143 6447
1159 1627
9010 7170
2180 3211
2485 2365
1129 892
8098 7539
1742 3277
1960 436
3916 9151
9813 398
151 472
3747 4453
5289 4713
4663 1438
1720 2547
830 1657
7989 3344
333 4083
5449 7445
5016 2304
1670 2398
6744 2413
285 1159
1850 1854
5264 5133
1643 9375
3975 2774
5342 7154
3650 3658
4318 4036
4482 8845
5878 4242
7179 7074
1079 3681
5828 4533
3084 4328
9092 964
2706 2014
5517 2266
4027 6213
2810 6249
6663 3778
4398 1265
463 480
8605 5099
1072 743
90 413
4792 265
6386 1273
6482 1565
313 3632
997 505
5043 5507
2852 1767
8267 789
5235 7658
4789 6049
3447 712
588 1250
8229 3738
2668 3852
4772 6488
3263 5516
1828 3772
8393 4178
376 998
4371 6140
1433 2606
80 47
4734 443
9662 8542
1831 3399
2888 5353
7382 7986
801 965
5422 6215
8505 8963
4613 207
4200 3354
887 5213
3564 2552
574 1162
471 4826
607 2176
8100 6474
1547 5468
7810 5915
113 224
8516 8427
515 2866
1509 9278
8579 7641
787 8975
247 2521
9295 89
2102 3022
85 4628
720 7676
4981 7274
5906 2015
3635 5171
2322 2395
1000 1089
3321 5900
2020 5432
2535 983
902 8344
5419 3012
5884 1479
7595 2976
417 2056
3085 5633
3589 6291
142 7177
453 575
7948 8121
6759 4834
534 784
6635 3706
248 9742
1060 5169
4400 719
484 1517
2269 18
360 833
2615 9862
7194 5845
425 2551
6139 37
4681 143
5141 8218
7652 6661
507 1940
4653 3327
747 229
3482 975
2113 6856
2260 2268
55 1289
3497 691
442 176
3 21
1427 8524
5916 771
2690 2269
2059 1344
4089 9288
1139 1069
1279 2476
4449 1646
4163 5826
527 412
9341 2628
7904 2975
6864 585
38 6916
7105 8615
5746 7303
2708 108
2060 1629
2458 907
372 219
7656 5730
1181 586
4435 2613
3406 1352
1050 3263
3400 8978
640 1381
3519 6078
4168 1838
1129 3238
378 2155
1179 5327
9282 8475
6581 2010
7660 6449
6407 3737
2631 3507
7987 9827
1838 5565
4591 7368
835 370
9373 5999
4844 2025
6700 8679
4468 3328
9202 2286
3192 4272
3387 2235
8681 1296
3730 5567
9520 8679
2462 1508
3296 3294
628 3356
5947 3884
2672 9628
9050 8945
4755 2679
2895 9569
2497 8484
2181 2191
4125 1830
3581 7594
191 71
6317 7811
1772 8480
8788 2343
9596 198
647 2736
4835 1284
1979 3591
4020 5790
3484 8744
177 431
713 317
9741 7621
549 408
3188 6731
2363 2909
55 2475
2031 2112
4 1486
3585 3314
3331 2110
1111 9598
996 6043
955 2076
840 3917
4189 3456
1009 906
3439 1570
7532 5376
8211 6264
6723 1840
8270 276
8539 2864
5110 3626
7038 5055
1327 5640
843 4454
5535 4676
7568 2939
2358 3289
3077 4742
2976 200
2958 3993
3828 7867
4032 1507
2369 2015
5193 7683
2508 1661
903 2502
34 26
29 3
690 5482
2323 8120
3797 1523
521 525
6347 561
286 614
3572 2944
4313 9197
1740 6689
3301 2637
2215 834
7806 5082
2220 1911
449 7377
344 269
8611 8624
5816 4581
2380 3516
3 1214
7819 1692
1100 1072
1 6611
752 2851
3131 2324
287 304
6992 1369
1580 6795
2525 9311
8636 1356
8066 3340
9496 2256
6200 3123
6638 9956
7370 3501
1093 2636
422 1645
997 4116
7070 9239
3079 848
7981 6640
1000 439
6208 2966
375 8569
1559 1414
5589 9481
2238 378
221 335
6303 1519
4542 9261
4428 1923
1790 3923
2145 4396
5686 5535
833 1798
29 41
1515 5284
2077 977
3157 5501
850 892
5004 1909
134 1333
6038 9158
1564 228
4348 1519
327 182
9957 7625
4900 9315
2755 5647
8299 4443
746 4188
1429 875
1849 1562
4568 6455
35 1220
6138 6872
4220 289
3622 437
85 17
3021 7991
1597 12
9517 1754
8148 4726
1539 9468
4346 4877
811 2263
4245 4820
2359 9821
3635 1214
4007 4992
6627 4111
5880 6732
5548 7752
1668 3529
6002 8948
1038 1118
143 40
1406 775
3548 498
4295 3798
1103 824
7751 1059
1523 5922
1932 186
478 254
4043 286
1583 943
9177 5563
2454 1967
8181 3933
3802 4596
8625 3408
7924 9605
3244 7757
8620 8732
1169 9685
398 3951
7436 1481
8731 6827
7975 2750
11 44
6651 1819
7075 743
521 2094
1365 1471
6024 2951
3367 1588
3840 4094
1886 6813
5252 1647
7589 7785
1633 9321
5814 7748
5352 7442
3847 8649
1222 415
3359 3957
6942 1087
4039 1806
2270 299
373 538
1260 506
3199 4675
1293 221
7752 8800
6384 8738
3415 134
174 37
29 62
3659 4457
1750 3246
295 2839
8563 7350
3332 1275
2246 918
4581 7832
2355 4082
7977 7173
7186 4949
5635 6912
4899 1265
3842 7453
3177 5675
9699 1508
6006 8897
2268 6417
2787 1248
9210 4954
117 2381
8333 311
2989 793
942 6475
3104 2236
2425 2716
38 17
3350 3991
6 8
1852 1134
1495 9194
6074 7585
1877 78
4693 5986
4568 1980
3036 5232
2542 9236
6104 3572
8062 8670
1757 1471
1443 1532
95 71
9055 4405
9077 6589
6694 3928
27 293
3072 7900
4319 7044
8461 2956
4764 2502
2505 2468
1403 9416
2599 8832
3567 8645
3802 4187
4531 6788
6467 1375
8868 3538
965 3219
4036 520
2392 7081
3285 7213
5969 4746
6801 1886
793 128
6047 8830
749 234
1955 2739
4156 8101
9899 2601
4898 4389
2013 9558
3840 9586
1 7504
5175 1089
7589 993
4797 8879
1977 3237
2588 2652
8929 7762
318 6906
1506 3225
3428 3543
2619 5379
1456 1884
7286 9845
532 593
6134 1528
1592 9632
7173 76
6506 1933
1324 2047
1476 1967
4550 3296
316 1515
1567 4541
1632 1140
4123 6180
2849 1982
48 3206
6634 3008
6686 452
4452 1344
92 5609
7551 8069
7889 9855
972 7136
6646 1481
1925 1542
1838 1518
4522 9148
3256 843
5641 5270
1900 807
78 48
7214 326
9483 8398
7252 5553
4391 3836
6555 6348
3760 6845
54 28
7003 7279
6650 5701
3544 9679
635 467
6236 8253
1149 381
1495 939
8567 8332
2728 2741
6075 6497
9051 7818
626 3968
2797 1994
1514 1459
8795 129
9068 2217
2334 4147
7621 1409
8869 3291
9804 6782
7686 1544
8397 5585
3132 1537
2272 3647
705 2283
3536 5128
7771 8056
1859 8346
3075 6838
2633 1946
2135 2089
8049 4562
1517 5285
5579 8155
6093 7862
7184 2489
714 1318
6326 6647
9702 2355
8888 6637
804 3522
7406 8251
1845 696
582 160
2637 3907
104 306
4909 1916
2 5
5918 6710
6815 1569
2898 2726
4756 4400
294 368
1128 3101
27 551
5141 3852
2565 1783
616 28
4262 719
3613 536
8655 4484
7158 9505
9319 8368
729 576
1624 7771
472 1420
3183 9756
495 605
962 2661
2126 524
2497 3770
933 2477
684 660
926 5917
150 586
6334 8029
4838 324
4710 4423
8482 2409
7526 5872
9009 4834
8091 795
9225 3298
3200 2266
4213 1900
1068 2264
3088 7134
50 393
6557 5671
3543 6358
8272 8468
9144 5298
887 743
7271 9708
1092 3607
6380 9680
4456 3270
297 169
3738 4232
3383 9444
3556 5607
1144 5512
2800 8890
225 407
9440 2613
6837 4810
5132 4869
57 48
2032 202
6419 8866
6217 9873
3901 1149
638 1398
5182 9877
48 397
7863 2915
1366 5277
6582 6128
8407 8128
3195 1648
4960 5358
1828 916
1215 1465
2880 502
1615 4243
3630 9792
9832 9851
5605 8990
1864 1243
7159 6383
1597 6831
2445 2321
67 122
1681 1019
2552 4479
5727 6077
50 175
2939 268
3449 1986
9507 9106
3442 5840
273 113
1480 2392
2167 9732
6 60
9237 2824
2031 7232
9734 5481
431 1874
266 4506
1603 801
985 1887
4332 6907
4556 4392
42 4
5198 4902
4802 3171
2010 1453
84 2121
2082 9291
2145 244
1258 901
27 22
788 174
146 559
8460 7180
4270 2238
103 159
589 5895
103 2043
4113 876
91 71
5592 444
4852 3213
9924 78
39 51
5276 5873
8517 2790
6041 7579
315 426
5402 2680
3323 1087
150 274
2847 7741
3154 231
1142 3889
5496 4597
205 3985
4107 1837
4298 3389
1081 2110
818 2203
2361 1333
4677 8936
2161 2243
8033 8512
6142 8849
6370 5219
1551 1503
5015 1269
343 411
94 13
6607 4477
2311 7008
8685 1510
405 6598
5990 1098
9903 1327
4036 5107
189 4419
4868 3349
477 413
568 1769
3657 2283
2162 2885
377 1579
3424 6399
20 565
516 2480
3638 2514
5444 3109
4073 349
2873 3316
6205 498
2828 1086
1461 2687
2278 3386
3061 6602
1219 9588
330 9445
8272 3404
773 1078
5579 4507
386 2805
6833 6898
3321 8441
802 699
1537 2409
1641 96
660 3805
6713 1492
1007 3360
5449 713
3380 6234
9245 9592
3339 3169
2139 750
1560 2987
3848 7930
6434 520
2643 3881
1171 518
8260 397
966 8505
4888 8391
548 3281
8838 4052
333 1959
373 1678
5247 5039
9091 723
1144 8358
293 308
2440 84
426 7161
6886 3997
5498 3130
6068 5558
7068 5376
375 361
3511 8399
538 2499
9487 2848
9835 1231
4078 5030
512 80
252 1021
3235 297
3261 2480
3758 116
3808 2343
1447 1647
5492 7540
7818 6361
2190 6167
151 856
6334 4904
479 299
1128 592
2225 3480
1244 2337
5287 44
848 6722
9664 5458
7291 9631
1176 1507
3733 1318
1228 9883
1000 1588
6639 2375
4117 6343
8742 6047
1197 2726
35 4860
518 1659
633 866
3915 3129
2745 6802
6954 25
588 323
582 2824
1877 3247
2813 3848
4936 1104
101 137
7071 2910
6315 6053
2659 2102
8090 4499
879 362
343 193
1012 75
3138 863
313 2523
4259 4066
6227 6990
337 1582
2821 2229
987 8927
6152 2853
516 4380
2054 2466
441 314
6964 5102
8417 3759
7492 6740
2076 3398
3561 3215
3030 3109
5705 5607
1768 2195
2795 7390
6794 269
5406 2129
6691 1472
6369 1639
416 1251
172 41
3846 3749
4916 8740
3307 4814
6543 1012
2573 1480
1230 6171
2820 2842
534 9518
5315 1584
1319 919
2912 5821
2190 4226
238 1195
813 1105
5378 2625
782 70
7339 4114
6030 9191
2076 3037
4216 1802
4606 6207
8420 1492
1254 148
3639 6470
2155 6468
1331 192
6359 438
249 6245
1810 315
1246 1813
102 117
5994 456
8852 4089
1347 6113
1733 3264
8062 2693
4303 5765
7817 5222
2719 1275
565 2338
4565 130
229 7378
1513 1483
1931 294
8293 5088
4805 5987
1846 978
9183 8563
2093 3227
2543 2496
2966 4665
9047 2284
3844 122
2739 3460
2342 5959
3948 5434
553 544
310 849
1983 882
2423 7548
5585 3091
3651 8729
955 29
9828 1398
38 298
4175 98
7744 2474
7958 5912
254 2927
2245 1678
6960 3741
3291 445
1936 8954
1152 1272
290 6729
4075 4038
42 1935
821 2072
6847 5067
5031 6624
9914 5577
5745 8822
2218 1282
6022 3148
3050 4102
6781 2566
4702 8408
7244 2949
5537 5431
3276 3726
4618 2578
4890 4100
432 419
2461 1169
5129 4833
636 1523
6568 6541
2359 4948
129 124
6364 1931
2061 5239
5731 4616
8631 2642
8858 4087
1101 1549
1422 736
2338 7728
4732 2245
91 2723
939 1077
480 712
4901 5719
4575 3566
8816 1478
135 2921
5270 4187
1563 516
2810 1490
156 630
2021 1333
3875 3472
1995 77
5839 834
173 3432
3507 4637
4615 4991
1282 8005
55 4300
6297 5845
3816 3302
834 1146
4694 1150
1325 2720
621 533
253 843
1799 3298
1119 6091
4325 6144
1696 567
3194 302
7726 3399
1773 2374
63 503
8599 1834
7010 7764
501 1372
142 1726
6807 6493
2896 5724
4364 2184
9214 5322
8529 1017
300 506
1261 2695
24 2650
1443 1156
80 3908
7667 4768
5140 1011
2745 2772
7612 7795
5946 6615
1434 1104
9272 1824
6620 4676
5693 1937
256 810
5993 6797
1628 1873
8425 7633
19 5
2963 3078
5434 7799
2028 2691
908 1461
3088 687
6228 3988
2493 1423
944 1169
952 6032
3029 2944
460 390
5470 177
562 3739
1526 5172
7615 242
5016 7276
1109 6655
1921 3594
4880 5965
3123 5582
2533 395
330 610
8071 3944
338 1746
6938 1332
41 3053
1342 996
507 5119
799 2196
281 102
1546 308
4475 2077
1231 6178
455 915
225 1006
4971 1452
1270 5557
1376 7543
3278 1931
1310 3409
1832 3416
1885 3270
2387 5123
6742 2447
3494 3104
3480 4100
2844 1354
9137 6330
317 2162
79 376
6005 5961
1075 1344
2575 707
4705 3974
4719 6752
9181 5028
2067 3967
6537 7424
5543 8863
210 2108
2347 3828
1914 1181
4729 7584
7797 1829
388 716
582 1426
1951 7680
6304 8801
4091 2031
4444 4316
284 7371
5388 4323
5298 4045
8261 7157
3408 2744
5570 706
1395 422
2809 6949
1870 193
1063 1457
416 125
3233 2273
2455 7010
3955 2537
1 916
1055 1006
249 294
4677 677
5601 1353
746 9593
3742 4544
6950 3728
1560 8455
4700 474
233 664
7 46
5526 2121
3749 2350
9636 975
456 88
1939 4325
6704 3484
1199 1591
623 439
3698 3760
214 144
1543 4329
765 5833
3835 3420
7149 3463
4886 979
2464 8682
2514 693
450 2801
1280 1234
6878 5589
3857 469
6962 2086
7211 2468
7747 8000
577 673
1689 169
7210 9255
2690 5569
4161 1950
1796 1775
2449 780
857 424
5797 593
3592 1870
1326 402
4458 5710
2530 2584
7145 4331
2197 1281
3642 2783
845 1351
1359 3790
5977 4514
2943 3100
7688 3616
8346 9343
8002 7166
8234 3077
2675 4879
2726 3313
533 1832
9993 7834
3755 677
5210 619
3002 6873
1793 3771
3629 6511
6028 2241
5144 7809
4780 6244
4122 9155
7776 7195
1948 4717
1554 1091
8035 6233
226 317
4573 9342
587 2638
5155 1180
4061 5845
6003 3411
5066 2685
4314 2572
894 378
1303 3745
5085 816
9316 5224
4980 615
641 8001
8568 9967
1866 6294
3361 2227
9470 1186
8634 4550
4309 5121
3928 8903
1768 6293
2120 3841
98 578
1442 5881
6088 4670
2694 830
3203 2676
2767 4547
2870 799
1109 514
7181 3873
4092 8621
1082 9842
1966 1788
4498 2706
4622 5290
2459 4121
8768 3005
258 232
182 1958
7165 6605
8599 9088
5750 7393
2114 3830
9070 4307
1691 1722
9691 296
359 2113
4981 7677
660 571
938 1965
336 26
9693 3746
825 1358
1761 7162
1669 7876
2548 1873
7366 7182
6145 5757
2532 1202
826 1478
2809 1878
4442 3997
9123 6750
1311 5600
1391 4797
30 18
4865 4639
3714 188
544 22
2740 5808
130 3276
3371 3532
3677 5246
5067 1780
7804 1278
2709 2840
2882 1069
1319 3650
529 1116
4124 7094
9548 6524
210 225
2202 1106
2709 1230
8492 4877
2508 3842
874 909
1547 5423
25 942
618 230
815 440
5401 4413
2928 3315
3426 8323
5852 2767
8236 7835
346 4008
851 862
837 6392
249 1850
2528 743
498 14
5292 787
68 1144
8183 8237
6985 872
4434 1470
2642 210
6803 5846
21 112
2113 7510
3485 6277
4000 2340
7063 7742
388 1352
2240 2749
592 2275
5255 2602
9563 2675
6885 4736
3148 4131
3931 4006
1693 6076
4046 2736
3512 3212
8538 6264
4186 142
7018 7137
90 130
536 260
4293 6905
1002 259
231 28
107 80
1425 1268
8342 5219
1756 3999
1650 1152
181 283
7169 3105
5377 7567
7241 642
4016 3454
449 7349
4168 4871
6808 3122
971 4828
2771 6435
4240 6670
2133 1510
1616 853
339 7603
3697 3192
3142 2313
2321 203
735 8232
9083 6354
2457 4523
7706 4218
5527 8434
1969 9351
821 2960
6933 1044
552 6876
2966 7450
3267 329
4966 4427
313 209
3176 2457
1905 2658
488 95
3174 6626
183 415
4585 368
2884 7702
109 264
5556 5291
1143 1737
2671 1081
2132 8683
3604 3652
3351 1671
9674 4154
3155 5899
2335 1048
6192 4821
5834 1208
1383 173
6521 656
4172 774
920 3395
5293 7541
3921 384
1728 1292
4303 6716
1598 2860
9887 238
8285 2421
719 2834
6004 4668
6306 6430
339 3210
1060 1086
1039 9364
3856 8394
3666 9273
5020 3009
1147 4672
828 1303
2302 4957
956 7699
568 4381
3615 5611
1922 1312
4769 735
5856 1487
9383 9319
576 176
177 5723
1078 4158
5605 4358
723 5564
8937 3476
1155 2272
520 6079
3511 187
5180 131
6538 4273
6413 8213
2298 6012
3086 7013
134 424
6812 7225
81 1048
7299 2510
4733 4673
5023 7003
2225 1448
9438 8386
530 220
1841 682
641 3768
2729 2751
1084 3656
3606 9541
3340 1659
5276 4528
1689 1697
9646 1576
177 119
4586 4897
6603 8540
1561 3598
2278 2901
500 1038
2104 2940
746 161
1292 5746
827 66
3099 2007
1960 2174
6316 4980
9187 9372
1387 5464
2249 1642
6351 1060
4827 8694
1449 8770
8205 9004
6218 3830
4251 3130
8812 8086
3091 978
3920 5206
3655 2846
1653 1835
4593 7803
9985 2976
4192 2307
1252 9921
4249 2229
8511 5020
824 4654
5360 7046
4580 734
3906 1390
879 1691
2294 3949
333 4294
4081 1782
6683 3239
4875 4417
659 8164
47 128
1167 6516
9249 9338
8309 2321
3329 2123
2150 764
6966 7072
1937 5454
1524 1352
4361 8542
9471 6710
1065 835
2172 832
7929 5954
3517 301
3603 1703
224 1191
2867 4738
3264 7607
8595 9812
727 7831
6429 9135
638 4003
5711 3112
1 5655
3918 739
3022 4382
2968 242
5996 5230
2653 6150
1905 6265
3087 3581
4108 913
1169 4190
5042 1983
6513 2074
3474 2552
166 9012
4409 5975
7547 9712
3811 2976
4537 2222
191 255
6334 6578
7029 3673
1893 6310
9057 4632
6233 7684
9640 1227
3220 7254
5226 3895
131 3428
1253 1578
4780 484
1532 3953
710 97
392 80
5328 1053
320 2910
9279 5715
1905 8301
2110 4881
1153 1794
1470 277
8970 1356
822 1261
149 52
6847 7189
492 7171
1129 1473
303 247
365 8938
5509 5132
3048 4362
3128 3799
596 2486
4814 4967
444 4290
1095 1267
8648 1092
7715 2320
4868 9675
777 5362
8630 2190
1076 5059
1395 9429
9890 7269
8351 8640
752 689
2602 1129
3026 850
8255 1742
1858 883
3986 3442
5953 9872
3895 6286
1133 234
84 83
8988 7519
2419 1616
514 1345
2039 4432
5835 8140
566 534
973 3974
45 707
1548 192
9737 6278
4219 8188
7448 758
2750 728
542 24
3557 5984
75 37
2360 1673
4923 4459
1 179
7924 6556
6752 8552
1513 1825
4023 6541
1077 1309
6790 4329
1088 678
470 3146
670 2520
2670 365
8264 3784
4182 3339
9089 9567
1175 683
1584 2605
1345 2513
1432 2001
347 315
3058 8162
1160 1165
1321 7561
1957 1319
2264 3988
1845 2827
3691 8901
870 3520
6301 1277
2087 1587
2040 7057
361 1776
785 351
814 1802
391 3802
1200 2394
659 2763
4781 6442
1394 4411
4932 1996
2397 1380
8741 6954
2729 498
951 829
682 722
2845 2315
8304 5444
1366 7632
8660 1635
2263 7073
3739 6323
4528 417
1253 4154
407 8992
8382 6310
7511 7377
7593 1882
659 1516
439 338
7915 7724
8799 645
970 588
35 155
5183 431
3187 6396
6879 3068
1979 4779
9465 4972
2946 3338
1377 992
2194 2647
7456 1452
8565 3451
1861 2168
236 5760
266 381
2009 3096
6508 4465
922 422
4532 8419
4555 4631
1410 3010
3927 2486
535 798
2602 3359
1178 7229
8127 5570
4542 272
435 6671
893 2248
1666 1026
1 3
2841 1037
2064 7106
2130 1441
507 391
6060 7672
9852 5412
1920 2949
5929 885
325 734
1029 5461
7121 465
175 1131
3257 2558
2129 5549
773 6653
3244 151
1508 1320
2390 2288
5986 7205
2129 720
6852 4263
970 1242
962 6956
497 157
8374 6452
1142 188
265 80
8568 5340
79 24
2506 784
1201 95
1338 2430
9622 9258
346 1232
4294 6472
42 1301
2241 7823
356 7052
7458 3830
2538 3204
7612 701
3886 1902
8886 1930
90 3168
2740 6146
677 205
4224 3451
3411 858
7490 9313
53 988
4393 2002
2863 3725
2282 791
9283 7067
9688 6121
2990 1322
8827 4607
9656 932
853 1847
9594 2583
1231 308
880 9954
3668 1440
501 2053
1162 5981
5939 597
5518 1857
1776 4558
3055 2735
2036 4708
9927 9466
7441 6571
3405 3651
3820 861
1904 4493
386 35
9497 5305
4812 5726
1616 5329
4664 5194
953 4407
773 1329
2755 8006
6 4846
6700 4306
1892 5666
6641 5317
7435 8428
2074 350
7523 712
6857 6202
2280 4722
37 4413
2784 2072
2662 8048
1281 5223
3799 5757
6007 1050
2109 3004
1079 571
9246 7256
1503 1063
2817 5091
3888 288
2972 4233
465 433
575 1606
255 957
2271 2525
4611 3663
5558 1896
5670 2740
7292 9739
8709 5465
1624 629
1924 5849
619 4763
6425 8996
381 1511
3373 1608
8525 9218
4085 6951
14 16
7787 5725
7592 5244
2435 2738
4540 829
1418 6861
1179 8336
5042 6029
2104 6137
1150 983
1519 105
9322 5550
6373 9716
7487 5607
2022 2721
738 8495
4974 3899
8065 7782
920 914
2962 4603
4627 3449
6404 1001
521 358
3858 6154
1880 8843
879 3793
7795 8070
4117 7790
1052 322
2755 1979
9800 1625
4351 3332
197 8851
7039 4389
1398 6917
5475 3063
5069 8102
6392 9165
1959 3825
477 5784
2857 572
362 867
9882 2405
5471 3932
5100 1822
907 5941
7285 475
8414 8498
2079 517
231 2119
270 9995
65 113
3774 2478
3947 1001
5436 153
9889 7170
739 241
8939 2446
1049 3070
824 3773
5936 8326
3100 4789
731 754
318 144
6741 5755
2867 6536
718 2017
5207 1543
757 3751
8656 8711
8453 4961
3945 8113
4958 4890
3071 5491
462 613
7970 9002
5817 2919
7026 1865
120 181
819 788
620 5753
1003 1501
2055 530
9425 8339
7941 9409
654 362
4911 380
1082 344
525 1378
57 672
7007 5007
8367 8272
4822 3386
295 1172
1656 717
2005 936
611 6237
1662 2128
4096 825
3570 2437
3035 824
3982 2827
4203 1233
930 6444
5208 6944
2153 1970
3253 2384
3542 5056
705 913
3870 4258
5962 7901
116 694
8789 875
137 187
4339 4893
925 2879
881 1544
1386 2
786 1613
1755 5167
1332 9314
1661 3472
2967 4451
509 7114
3433 262
4612 1946
5495 6406
6927 7502
5604 7880
1779 7693
2241 5530
5281 7452
2069 9067
71 761
1107 905
2139 3611
1122 631
3387 5903
3565 7952
3342 933
5963 5880
1893 1859
5217 5061
10 11
5716 6640
6929 2872
1056 9992
446 1070
7054 8208
4264 3284
4634 2609
6409 6433
7400 5626
4989 6089
6186 2304
338 71
2378 3403
1609 3693
1091 2874
1685 4652
153 792
7892 2771
5265 1972
531 4358
405 1451
3312 1824
908 9545
289 6995
4821 539
4621 2617
222 2730
1302 5788
976 2193
5593 1773
5111 9048
6268 2233
1169 2058
1792 3633
8910 188
1901 9624
8259 3899
2141 9891
6117 7119
2536 2646
1172 7088
7582 414
9473 2862
5347 4669
6251 6328
747 6055
59 5258
2444 55
1751 816
507 1127
8487 1259
2778 569
1442 231
5997 3867
695 8523
2730 2937
835 5575
364 3981
8089 8881
6368 4855
1334 8530
1594 7731
7703 2208
5597 8401
4709 3239
2381 4623
5867 2545
6693 7473
8904 7320
4609 3496
2541 1801
39 606
3579 1825
7927 7201
8163 6370
6924 6465
1051 151
5002 8483
4482 5492
4764 9791
6372 5745
6196 9260
5671 1114
187 189
1199 9544
740 271
1273 2078
720 2303
8314 7466
4509 1766
1654 7086
729 1168
5654 725
1778 8537
6604 5103
923 2877
2110 7921
3286 4373
2161 534
213 4256
5860 988
3209 1854
395 302
2508 3165
3320 110
388 1161
5629 5340
3024 1599
4629 1157
6959 2398
5796 4868
3681 4573
756 6
1020 168
2101 5586
2748 2333
82 1585
7889 486
219 2986
6655 8093
2898 9672
1986 2666
2482 1722
1030 2641
2464 3208
7820 1683
1678 3902
1694 1944
2294 749
1273 380
74 131
2292 7411
486 9962
415 3546
4200 8921
8957 7786
4388 3751
7639 5621
942 1363
4977 7196
2881 489
968 7618
5274 3769
2221 2643
1194 635
2406 5588
4423 355
7859 9308
56 35
7250 4510
1705 2242
4222 8562
369 5254
4153 5662
1024 1132
552 306
1043 3197
1719 1093
553 3970
11 4238
820 682
5858 134
7698 6553
9961 5171
771 7740
7796 2979
5383 2651
8183 2349
773 871
2265 576
4318 8274
856 1808
6926 7291
274 9090
4781 6405
2184 2624
8365 1770
6097 8693
5178 3611
33 61
3550 3177
1779 2350
619 898
7132 6633
613 4323
4076 561
7933 5896
914 3086
203 5145
3660 1250
4620 3902
3539 1825
1937 4736
8710 9475
2790 7622
1310 620
6696 6895
5133 2586
5061 8850
1883 5910
1307 535
5677 6915
8783 5114
1392 4053
2990 8138
3477 6918
1072 1529
9001 2061
8520 4153
212 5694
3462 783
1035 2975
6471 6711
4201 9211
2206 3735
104 380
3257 5375
5136 9613
3563 9275
335 410
4572 1384
4479 7590
2673 1656
24 290
5526 7866
809 3925
6848 3827
5493 1411
2358 9836
606 814
2669 9752
7071 8313
9849 4122
295 8334
6996 7675
6362 3277
5541 4101
3448 5543
7407 2151
889 899
5811 3016
2104 3027
571 755
5261 6816
12 22
9577 9608
5226 7692
2353 3080
1323 1427
252 4771
4281 8607
7374 5362
1074 1124
7666 2794
1001 811
5334 1200
246 6010
279 543
4646 8909
5931 3919
5334 9105
689 582
980 5503
7707 7112
592 1408
2917 774
4494 8925
2869 4239
2213 7272
1783 3443
1672 377
6304 3246
1142 9557
459 5323
8497 6286
392 444
723 3695
2426 6971
428 690
6711 8771
8142 6197
4142 6920
9407 4130
422 4981
3803 1338
9166 314
2752 1738
420 346
8019 2435
4072 7938
1970 559
7246 4816
885 9
1287 401
2098 1164
2559 212
6551 5146
4074 665
5696 4651
7103 3151
5344 3327
9428 1577
7509 5521
5105 4527
7584 7884
2041 2955
6394 4088
585 1390
9677 914
349 1367
3212 2500
3190 9801
5893 4460
2129 7143
4641 1212
4336 7102
3577 3903
4511 1068
5891 935
1062 7705
2481 506
1181 1707
7056 9084
1861 3838
1539 1116
8020 3234
5316 3125
1085 6479
152 467
1101 8833
365 339
8051 2054
1235 201
5473 1096
3324 2268
2616 4183
8707 9434
1229 3216
7747 110
887 9285
1049 5921
6610 7733
1112 2006
896 9745
8424 5571
332 7544
8644 531
2187 1925
298 1460
1282 1774
838 719
4880 3664
4862 461
91 385
5374 1231
6958 9508
4735 7499
2970 1604
428 564
4052 5478
4976 3771
2227 1196
5531 6062
9937 5191
6703 7301
972 331
6591 2850
3440 1489
383 2293
748 212
2182 5770
2362 5346
379 457
7376 6039
1638 4566
6610 6728
5443 7725
524 2366
180 4963
6754 6564
2232 1875
394 3151
8152 4485
5164 2067
1177 1558
9676 9502
3641 4985
6613 5208
942 7527
1685 1251
31 120
537 3489
653 1980
3654 2710
3325 1828
4518 1884
8079 6584
910 837
969 2781
145 241
32 2015
591 4526
5687 4133
459 567
20 4132
83 213
4711 2950
7006 4802
291 4849
300 94
1322 6579
4733 8643
3306 713
8501 7029
5946 4423
508 683
7167 308
3600 3187
2415 2054
5295 1013
2268 2500
8291 4413
9559 355
5913 4309
422 281
6320 4166
7528 9953
9100 3210
647 1633
1016 380
5384 5026
1259 220
3703 7259
2322 5
5392 1381
2624 7704
800 1716
7258 7770
646 155
960 1189
3850 1201
1076 5
7912 1350
2160 2104
9378 8517
5397 4067
2450 1427
6946 9153
1923 9228
6819 5448
8235 5650
7953 7965
2631 7525
3836 8935
5544 2888
9886 3924
2598 2985
344 2324
5488 3169
1741 918
5599 2170
4850 9571
709 523
1367 8642
55 3123
9859 1916
2859 3589
956 738
7786 1377
9868 2563
1881 6057
1017 209
5149 1577
364 3344
3366 164
836 323
2008 3072
1798 7759
2157 800
2322 2724
6037 1949
2591 6520
5269 7631
2958 883
5858 6957
5813 2458
2421 2710
9172 6561
7926 9988
7451 6360
724 1269
5872 2125
5552 9124
7942 7576
652 44
6361 4659
238 583
140 194
3032 3948
5077 9262
1569 6109
9606 1376
9353 6853
2958 3071
6443 8695
67 1278
1975 3547
3795 6922
7690 7173
9317 4664
4031 6747
716 5333
514 1636
9132 5005
2152 5324
7388 6454
1219 1481
6850 5844
1995 3878
4996 6
860 1355
5257 2321
697 4122
1698 5363
5909 1844
6280 594
4748 4185
1884 2183
595 6621
4622 9031
3371 2819
4625 3394
7673 6109
1623 3910
3214 1097
2452 1925
523 2571
4414 2869
3488 2608
6441 4016
656 1223
1740 1286
4488 283
3098 2449
4194 520
5310 4966
1120 2956
5713 9726
5857 6763
9630 631
4666 2218
309 4896
2139 6544
1832 8750
1686 8112
155 320
1895 1739
3058 7060
193 96
4263 343
1157 4984
3132 5715
4173 5271
3121 6440
1410 9195
9951 6238
4005 1586
2857 4170
2662 1621
875 774
7949 2141
6851 3038
3656 4648
6947 586
10 9
74 58
1295 4034
9003 4198
7040 4596
870 232
6320 7973
265 1413
4517 7835
620 439
3448 126
6986 4444
532 8592
3643 2997
1806 1097
1134 2529
5092 2524
1951 457
169 3584
2729 3369
4782 4129
8550 592
7932 6020
3368 4098
27 3978
1446 2649
4133 2959
5959 6901
7925 4129
531 45
1269 3023
1918 1911
1527 873
803 594
1083 1283
155 2260
2195 2811
4285 4376
5976 161
5409 1522
166 113
6617 6888
7827 5320
246 137
9521 7233
8720 2917
6491 3099
1013 7937
8042 9127
6020 376
499 341
3394 6489
5062 9658
457 2200
5400 7997
1774 7041
134 1274
142 186
3130 2750
2563 361
5103 7987
7521 3143
2507 5708
5971 3711
4049 8532
5180 6768
1717 1583
2572 2654
7585 8676
518 520
3305 2893
7298 8528
5084 5045
2358 5668
659 2936
3113 2133
3206 6401
1983 2329
8124 348
1683 8427
3113 9094
8182 1554
2428 2393
480 1449
3023 5143
8595 3762
3021 1317
1377 3234
3694 2335
1219 2138
6158 3960
836 8239
9390 6600
2925 248
717 2219
547 546
2254 3605
2554 8315
1732 1862
8533 7887
5632 285
1154 115
1861 1551
5936 4741
2474 7484
8541 4236
2995 7172
5017 2292
5237 5266
5485 504
463 4151
2326 2679
471 435
2727 6869
3325 7455
153 1062
9639 2163
6426 1122
64 170
3108 9157
1639 1323
715 567
5766 9929
1431 8108
3304 3429
5463 5393
64 271
2929 5606
1413 1533
8813 8585
5558 8200
2326 426
239 285
992 1090
2824 3231
1699 731
4965 2422
288 1572
1655 777
339 7275
1146 3699
1190 1063
2465 3509
36 3223
8099 6780
331 226
2466 7142
1262 76
9768 8205
2328 2357
5609 8036
2149 1025
1361 1399
6941 8703
174 9919
771 2028
7014 6953
8912 355
1284 603
284 626
435 3442
8967 947
7665 8378
2666 3882
6141 2174
7061 3254
7556 7760
318 1188
9464 8944
5863 4045
2351 1192
7257 2604
6505 2643
601 140
66 1753
860 2379
119 332
9335 8942
4650 988
4712 5886
47 2943
146 868
1966 8143
698 3750
3731 9731
6829 7020
4475 7898
7943 1832
3405 7361
8653 9717
140 133
4124 1202
2601 4997
2496 3350
8179 5803
4426 3423
5911 3734
1619 8171
896 1187
1124 1848
4819 199
3640 9377
9807 4291
176 27
9572 5621
6840 9531
5202 259
4730 5619
4841 7118
910 1035
2957 7609
745 9297
562 1992
6042 1106
7122 4926
6855 2448
4140 8134
610 1474
4123 3921
1130 4994
4981 5096
2714 5956
8244 9718
6402 2681
4163 6461
7193 4125
2394 5382
785 4906
3587 2931
2648 5174
6972 2800
7740 8746
2384 9200
1868 3823
1762 2090
687 1439
8982 3769
2557 1169
2819 7538
2501 3217
736 4491
4011 484
1198 2385
2107 1348
8614 8315
3776 2223
5903 8249
3490 225
157 8
4227 2363
2568 7570
4350 1624
33 3565
7067 3753
1896 7767
636 2189
5179 1016
487 1368
2593 345
4384 5497
3157 474
5382 7963
7701 4017
4603 4942
8982 8994
6230 6658
578 4689
3455 1758
6764 5284
921 1323
6286 9761
2525 3569
3947 4044
2504 2819
6696 2719
6181 8717
7735 9021
2895 8198
3505 3801
4560 913
6391 4534
6891 538
4327 586
2893 532
1324 1784
259 6127
2981 2468
1245 824
578 1277
876 1736
4177 2110
3243 3767
1516 6817
9627 3525
357 3236
6773 4227
468 455
8706 1153
812 7342
4553 4352
1783 740
2238 5335
3052 1574
1720 1498
9156 7351
7188 1216
4301 1126
5703 8531
28 811
4584 1760
1756 1361
4659 7011
509 1375
2905 1597
3059 1814
119 2287
648 727
2464 2399
212 3705
86 1365
986 6760
9456 6967
61 108
529 8627
8627 8887
6341 2285
60 1071
763 1721
6626 6909
9076 666
5025 1129
6118 1604
5348 781
1066 3473
6236 4285
3831 472
4567 4945
2471 3779
1296 1580
7552 53
4774 9387
9647 6710
162 594
9535 5742
1422 1518
5368 2636
214 4972
7757 9243
77 1536
12 55
7549 4626
606 4912
9989 1493
4906 8228
681 352
31 33
889 338
3519 3156
801 7150
4840 500
2793 2059
1649 1452
1915 5524
579 320
1942 4632
2110 3000
3744 7878
161 2579
1117 9245
1687 3293
3627 438
6060 5534
1569 1452
3916 5566
4181 4460
4233 5028
3357 3444
5065 4020
5879 6771
1917 1612
8556 7914
593 896
9403 446
6907 8657
9999 4405
8870 608
2606 8896
8597 3076
8473 6637
8514 8781
2973 207
150 196
3009 2656
4715 7
7251 5057
1096 501
8268 153
9082 218
147 486
902 1923
6230 8504
1446 1844
2061 6184
962 5412
2442 8723
2621 760
1976 849
108 2122
5449 7662
1436 17
7939 2505
8526 5430
7768 4996
4291 4856
1134 2550
329 308
228 5036
9916 3220
3962 4009
8316 3092
8681 9036
4191 2964
4430 1592
1303 4839
3433 3926
7309 1721
4962 7954
5761 3805
6269 2819
4182 9898
417 2463
4433 5915
2396 1242
2324 7183
3616 2000
5116 5999
572 7908
1136 351
5773 7719
8158 2853
6708 8280
663 699
786 749
6629 3699
1583 9354
453 145
4240 2206
3063 9485
3678 2169
6553 1105
3483 639
1772 2267
4924 1655
5236 5058
8210 6362
361 50
4329 5241
1402 1891
7019 6825
5122 5452
5346 7507
3375 2520
5093 5678
4436 4798
756 954
66 47
5969 6377
3721 3060
741 1238
4417 1737
3420 5047
6040 4387
5288 5577
1241 781
1229 3280
2436 1750
9786 4537
8089 2512
371 474
6311 2009
5706 4934
1397 1367
6633 7113
4533 9829
5007 6460
6383 486
4841 1093
3217 3626
29 92
147 7840
4416 2703
1782 5273
47 52
3452 1275
550 3421
1070 1215
9038 549
608 1166
3761 1311
8943 6139
4636 4565
2253 8132
7874 6541
3010 7151
7402 4011
7428 2625
492 2767
2747 429
3621 3905
3842 6166
1356 3476
2897 1823
6103 8106
81 22
6822 3408
7782 6828
3551 945
512 4115
7146 1699
1296 6474
46 3966
370 8057
9027 5470
6465 9379
1005 5441
429 1490
823 624
1297 277
1126 511
144 292
2626 4670
733 799
2283 2705
9509 8626
6087 979
9467 1787
470 137
2376 9073
9212 7489
6665 1574
408 504
601 921
5190 3305
1538 1141
827 5955
3754 3289
4853 1079
2187 7713
6563 6841
9893 8950
3517 7310
1314 1050
1416 2393
6216 7036
7696 2133
4415 6271
8055 9259
497 7253
8521 2146
2432 219
3749 8097
3402 6151
2236 1119
5408 1477
6733 3531
748 1019
1872 2977
6989 5787
2773 9044
978 4785
49 3818
329 1668
8753 5170
1096 2435
3005 5934
5286 5520
4104 8377
9221 6282
3118 2474
3451 4571
7563 3269
1208 4336
2061 6061
7533 7512
871 960
2603 441
2382 2935
3757 2700
8133 437
2743 2034
4247 213
561 6058
8932 1044
2815 488
436 1734
2079 4642
2290 296
282 56
2920 1326
1092 1687
8817 7521
6923 4212
2686 1431
2701 793
1750 1275
3989 456
153 5054
6014 8773
3719 9227
3967 5531
8219 4068
682 7084
1582 1612
3856 1461
4465 1716
1941 2009
3476 5499
8360 4575
6966 6729
2294 5545
3403 6660
1892 1666
2444 6179
4624 1582
2558 1056
9201 917
1906 6051
325 114
8902 3296
6274 2040
2104 5102
1366 2744
4561 2465
9778 9468
1661 6978
560 1244
2418 1172
1046 5049
153 82
5450 6389
619 1409
444 2972
56 68
466 377
2512 2342
7429 1049
6105 7406
4040 2782
9 12
4606 2430
7064 3705
4326 9536
4700 8199
1223 2297
2860 6287
4409 3006
1799 1719
9970 9972
8339 4364
3618 2318
2060 2256
8820 151
794 329
2812 6092
3220 3274
66 351
2198 425
626 3639
2230 2796
5926 970
7315 1965
8147 3540
3864 1689
2984 4978
7333 4953
801 3036
2648 3545
1102 6569
1665 3606
4152 3429
109 6
599 4504
8554 6972
3516 5707
1427 8372
1353 666
3058 6153
9258 9725
8335 211
7738 1462
3845 6894
826 3175
5960 9203
776 555
8343 253
254 3931
5162 2903
102 401
5457 3314
983 6256
5823 4885
290 1330
5610 9018
1039 6897
711 1364
805 5733
7494 9184
360 3436
858 4944
7125 5291
6226 48
115 484
3861 3155
8439 7147
5742 4090
6492 2028
9302 7883
6625 2979
2029 1762
1934 3741
402 657
3293 3731
6231 8546
2884 1182
6806 1471
2846 453
1177 1977
2226 26
1878 247
2004 6471
7304 3742
2411 1601
6006 4518
7373 2850
5105 8862
639 109
4373 9986
800 326
294 3809
8004 5519
6220 1458
2068 4885
6189 5784
9580 2493
2145 8572
8436 9113
414 254
7470 7802
1418 1163
1193 3496
323 1097
708 1948
7258 6928
51 888
1549 9948
4795 4210
1990 1067
2127 5355
3236 4514
7826 7684
270 64
932 3434
2861 1674
621 7212
4634 8149
4920 3523
1086 1542
2540 1591
2012 746
4630 1319
965 3103
75 2365
2159 314
862 1039
1611 180
8828 6075
856 4837
563 2154
2587 1708
3794 2200
4404 1802
3797 4266
215 797
4125 6416
244 127
5170 9625
4392 2579
4001 5061
1669 4831
8411 7920
9603 3220
2683 2135
6317 9447
6242 6556
7806 9490
4570 3964
7433 906
7108 1710
7614 2991
4658 3435
4627 4866
9997 4960
4361 402
8758 4328
464 928
354 1469
9415 8331
9017 5238
134 201
8513 3469
1028 521
6576 7242
7888 401
3199 147
67 994
7894 236
1494 2890
7489 5123
3666 5832
6904 1263
3457 8329
132 5229
9224 9196
2619 1626
3973 5688
764 455
2676 5089
2721 4134
3697 4303
1509 3105
541 3391
1059 2742
3455 5282
534 366
8405 5042
3124 4223
2697 2191
8103 4109
1504 5552
7881 3523
9721 5787
8094 2770
1868 985
3778 1381
5499 9576
6884 970
9020 8699
3435 5559
2495 1800
6337 5671
6258 4294
476 1972
6161 8410
7559 1775
438 968
418 83
5733 9426
2583 2560
8659 441
8861 6885
4812 8105
723 886
7538 9847
5772 5339
3014 9402
360 678
9347 6469
4582 257
1222 6930
6050 8953
3923 8027
592 582
6431 6636
9127 9418
641 1830
3827 4245
2306 2470
8311 6760
4036 6998
260 4330
761 5302
5156 3265
4311 2217
2171 222
514 1596
1023 2704
8853 5679
4802 8641
4463 8543
4209 251
1744 3003
2706 3977
6668 4870
439 5165
780 87
4280 370
5366 2860
52 2886
4211 6800
1737 5762
3295 9906
7027 4161
16 1820
1165 2875
105 1243
127 73
8223 2427
3806 7297
9907 3218
3961 2961
7657 2004
1320 4492
2959 1337
3662 2812
5945 515
7217 5755
961 2669
5610 3897
3977 5459
1177 737
5367 962
831 829
2833 3252
6481 3399
8113 8855
1607 1816
5196 5868
7518 9392
287 6881
5869 3153
3352 3176
254 2531
1111 281
1076 5949
2473 4086
7465 280
9154 7844
623 1715
4183 4811
9128 8537
9767 6009
8338 2856
4703 5225
3740 1328
4481 3342
1292 4217
263 5713
2072 6120
6778 371
9026 7906
1153 1968
2166 1892
4442 8276
2633 4682
9974 7265
5596 5352
743 2944
144 2731
3031 316
8712 4908
3974 5159
375 3450
5699 4525
2381 7031
54 245
9696 3967
680 3014
2823 917
7337 6855
1940 6281
999 374
5101 4357
8594 8371
1598 38
2457 754
8349 8860
1642 316
705 258
7653 3831
2542 6823
1334 6015
4765 5716
205 49
138 136
1417 4502
640 6225
8214 5335
5775 2793
2515 889
4459 3979
898 1405
634 3017
343 445
159 574
2125 6014
9393 1070
7209 6796
6532 4610
2267 3707
1975 1083
1955 3404
8463 4238
3221 4047
165 52
2604 7325
8357 7002
8291 9326
4236 2585
4245 4552
1636 2837
3498 67
2312 4791
9217 340
1563 9054
5773 4281
4867 1608
434 7047
2925 7314
2174 3877
5863 7116
2320 2383
3423 4474
1217 9451
6056 7941
469 7513
8286 1455
957 1552
2497 2632
296 429
645 5573
2212 4014
9532 974
958 3144
3623 2506
5842 4014
1797 999
992 4424
5792 7482
966 799
912 4471
8047 8221
8180 5163
5785 8736
519 704
2479 182
2974 7015
368 718
7286 839
182 10
5014 3528
2364 1273
4851 4802
5721 3572
1754 2668
252 692
531 1761
2407 2244
8189 2556
3333 1686
6002 4830
8518 1350
9261 9645
7463 665
1782 1332
2554 4983
2099 1592
5572 5771
1798 3358
926 377
6582 6799
3736 7536
3010 7481
363 2725
9479 331
47 342
1343 534
1210 7959
1904 1037
4510 6373
5433 389
1223 3068
4904 2429
195 636
3869 951
3845 3699
8231 5159
3794 4165
9063 1679
58 647
1125 8195
2699 6724
362 163
427 3066
5835 702
7383 2878
5966 5230
445 644
7002 1156
1145 376
2792 3703
583 3601
1704 162
8300 2540
3837 4340
2451 668
2085 4088
1138 6445
2050 1306
4861 7024
2368 1306
5679 1337
441 3182
7625 1578
6443 9399
881 506
702 500
8245 6594
2347 420
3934 6224
6018 2789
8111 203
678 1910
701 3396
5315 8451
5505 746
1057 4104
441 5794
9111 3694
1397 3269
9515 5662
1700 8092
7236 3363
2892 66
6071 9188
2061 2853
8296 2742
6260 4807
1567 1479
3425 7418
8878 2999
2257 1677
165 257
6107 3824
4934 5418
2000 559
82 4593
8803 2767
2416 2398
392 591
8444 3409
7148 8690
144 383
2942 5918
1184 2887
4281 479
8857 9041
6340 6539
3921 6509
1908 3972
590 1322
7355 1867
8959 2347
6866 571
2102 3141
3997 3490
2834 4530
758 1068
5338 6243
5018 774
3876 1562
3679 854
557 331
9543 2587
5114 3921
2666 8908
5257 7724
2306 6446
1721 5515
3674 897
2775 2183
6699 9874
9006 7579
4070 4559
5563 2917
720 4954
2818 5396
295 109
7453 7774
7895 403
7745 7955
5421 1185
4176 2659
5830 1036
5982 5032
76 2501
4827 6580
3632 9610
1071 2896
510 5338
2140 1884
8321 4111
3050 2041
2022 3502
6336 4264
588 1673
3713 3076
2494 4097
9947 4397
1080 196
8574 9714
119 211
7083 4854
5197 5426
116 1619
1032 4599
5914 4752
4262 9844
714 699
3490 5074
535 6974
9384 6705
4379 4188
333 1924
7144 566
7632 9730
385 8046
2447 8415
1060 805
572 937
2120 4271
902 4339
3601 7045
808 924
3215 838
2529 5218
250 4500
3614 587
1809 3933
4472 2998
1076 3990
4345 1207
6876 8359
8577 5099
1749 1
2137 431
1217 481
522 226
6643 2384
1386 7729
739 6235
3437 6071
5622 3570
5395 8294
7635 7279
2185 3437
1979 2348
6520 9290
921 1286
252 9979
8356 5108
3163 1765
7542 204
1734 8059
5752 4143
406 1565
2928 859
1701 5120
1954 3127
911 1298
29 599
8485 8414
2184 1526
2126 2997
1092 6948
6156 7984
4198 4343
4477 2565
4421 2947
5023 1305
1315 1709
3151 9994
8021 992
6428 8514
217 390
249 5429
398 2239
36 238
1218 2134
9108 2030
5992 8318
3009 5798
8626 6955
7336 9802
2969 8282
4154 5146
7710 1556
302 4693
1504 1916
806 5932
4554 5519
162 228
1587 1671
6240 3180
99 1407
958 372
6527 3534
3293 6409
1479 4863
9931 6555
7107 4322
4366 2717
9837 2440
3413 4830
605 1066
3692 5437
4814 6387
3677 1648
2802 759
817 524
242 869
6644 6524
1947 982
2605 5303
513 2553
8589 4513
3506 5734
7967 5704
2771 2803
2251 5339
1752 6422
425 554
219 196
714 9371
277 883
85 440
3915 4901
3748 3896
8722 5045
427 8225
217 1609
3196 1779
8333 9089
6385 2594
1312 4363
3769 5261
4330 6454
2054 79
2408 43
7338 794
5578 3223
4697 667
8570 2094
9102 7488
3903 8258
871 9511
408 2284
2813 2617
2511 7300
1535 396
5989 5557
6052 4239
8086 6944
1275 2727
1172 5741
2141 1424
2705 2998
1540 1307
5313 4407
4995 1936
8045 6605
3182 7813
8733 1488
2552 2083
5702 1989
1002 5925
1926 1224
7268 5890
110 4455
8945 6275
2982 4772
817 5286
1396 477
7805 8067
6126 1177
64 8796
696 4155
2180 2022
9448 1104
4174 3278
3610 6476
2727 9969
8065 8153
6782 1338
7153 7408
4569 5147
854 465
2289 603
5449 9783
212 1
4242 4200
3857 8974
214 2469
1254 3746
1881 1616
2530 2448
803 2626
3657 9171
1493 4296
2951 376
1886 3380
1683 925
354 448
773 971
2913 689
9059 3358
6000 4196
1791 2018
8831 8631
1855 36
2679 4386
8558 3287
12 163
1643 6608
7923 2797
8715 3838
6066 613
3392 6736
4278 3227
341 433
2116 584
141 8839
2104 7326
7554 1232
6587 3085
9112 5723
2627 106
6642 3010
3163 6739
1476 3094
4521 1304
2898 6185
560 48
850 755
3042 1799
430 94
8618 5424
1557 9281
2822 1830
3756 5782
2399 9809
1738 5861
3079 7573
243 1305
3368 3538
2993 1706
4810 7235
7856 3447
1148 1105
4956 4776
128 341
9789 2999
2371 90
668 203
3423 1935
1338 2655
2063 2980
16 36
7222 4094
2066 2612
4598 978
1087 1890
2078 4101
5319 6451
9220 3231
5709 2633
1510 4979
8471 2278
1819 7415
365 2093
7695 2685
1966 6968
6652 5957
6353 7200
3093 5792
1335 1080
7769 503
2411 3973
7321 5520
1404 5732
7745 3350
144 374
360 193
9797 104
2018 3171
1282 1654
9270 9564
6664 6050
900 1271
103 1247
1236 9707
569 1192
6355 7758
2269 7197
4029 4649
3521 8168
3413 335
2292 594
1067 1438
4793 2965
3418 517
1455 1029
9366 5003
6669 4500
409 168
3726 9118
3078 5680
7395 2907
7000 5063
2164 156
4010 6570
4486 4290
3227 8150
8522 1490
9484 7434
2742 6524
3 4
8571 6922
2370 2242
1770 18
4961 3784
592 1210
8647 5959
960 2065
5597 5769
807 353
8200 9950
319 829
340 285
2741 2926
9709 5079
9590 8271
4310 4061
258 585
1413 1526
841 7749
5032 1245
167 2757
1415 1537
52 1988
3924 1133
8044 4820
8566 8891
7090 4094
6963 5633
220 1752
327 523
7556 1530
3057 140
2703 2883
4458 9885
747 8675
513 1104
4293 2226
1338 547
350 168
12 13
6589 8330
6564 1473
5663 3144
8573 14
1632 1764
9928 7046
449 47
2181 1493
4206 1520
1042 4425
1229 8663
1051 1812
494 39
1058 8684
529 562
2941 220
9823 2606
528 449
6016 1815
2503 4068
687 695
188 235
6908 6847
225 1626
3065 1374
151 1112
520 1555
659 1625
6133 3395
3431 6048
3838 5306
9701 90
9364 9824
3764 3834
9033 746
6237 8761
2334 686
4786 1512
2027 425
1214 3952
2142 3220
9584 8174
47 259
3574 663
7780 2266
215 6342
9698 1023
53 2942
5882 5061
3722 3032
7277 7045
4052 3014
1719 2310
1024 5649
6424 9857
8713 2828
6329 6955
2279 1058
5758 1403
3312 4369
5514 1547
5311 831
378 3492
2872 4998
655 412
2312 2301
8971 1585
2622 1938
205 2522
2803 3193
250 8
9758 9452
2878 45
8 2438
4635 4106
5092 6033
5880 3375
880 1185
2891 5551
1674 643
447 1158
3344 9915
8227 747
5130 4963
4823 6279
837 2678
1557 88
361 539
2024 6036
1623 7847
2081 8247
1028 5890
118 232
737 2424
2559 4691
651 1180
1045 414
443 4020
6637 5933
6459 778
1824 4037
1141 3983
6313 5431
1179 4254
7434 6138
1253 3102
9357 4951
8075 230
2696 2210
3523 7266
6457 1843
9034 8792
2974 1031
2233 8026
5974 9299
1700 2918
3562 264
3294 3270
8536 12
2976 3187
8665 4604
3434 8449
370 8680
2694 5974
3259 113
2600 8790
1823 1470
6757 2829
8633 3161
2213 1498
961 904
7163 3894
732 516
4235 5176
8691 1754
3353 2598
5077 8240
5597 5853
5725 4370
5978 3558
723 1059
7043 7056
3450 7105
514 7634
3015 6707
823 4446
1631 7860
6477 1767
6623 4077
337 8119
5474 2240
3045 8254
9382 3772
49 15
8730 4226
4141 3469
3441 3718
3107 1105
1617 1370
5160 6384
1987 9449
230 50
3836 3432
5574 9381
5008 5244
168 289
2372 4916
822 5024
831 9763
9910 2
4788 872
59 3829
7600 6456
3083 4354
2201 4319
4064 760
961 7960
1370 2014
31 505
9146 6613
145 399
2817 5764
2388 4777
4952 4012
1500 7372
507 1023
23 1943
2834 3734
5064 1048
1828 3508
123 4130
1394 1708
4770 5090
8774 9139
3160 5211
5701 9923
3106 869
2223 3996
197 876
133 1419
6545 800
5412 5962
5453 5650
331 617
6563 3100
7798 1729
1135 1120
3361 6230
4089 2238
2237 251
447 158
8477 7425
7497 5947
250 1106
1612 4776
9229 3489
3922 8201
52 220
316 66
1056 5738
753 661
6084 1337
3912 638
1466 4159
704 7873
158 153
981 3644
2549 1048
1568 686
9719 3969
611 806
897 873
6542 5852
8053 4026
6075 119
4894 8551
7423 2929
137 1075
7869 2851
9427 4693
1026 1282
2660 308
913 3172
5112 5983
8388 3314
1482 366
5586 6868
1230 1078
50 6122
2421 2745
2320 3824
4286 1268
639 5019
7384 1245
2435 7812
891 539
3136 9498
1137 3431
7871 9436
7256 7934
9309 736
8598 8226
4503 3658
3272 111
5045 4453
7508 4446
8196 2852
3794 5227
3025 3708
589 1762
1224 1754
1983 5690
4860 5621
2426 7053
135 4063
5660 4423
6936 8302
2543 4180
112 6645
190 91
9641 9222
3593 2805
368 3704
585 3083
1582 8161
1822 1122
14 1308
3780 3536
1291 1164
91 1447
9233 2566
358 382
2764 5373
6631 476
113 124
2950 343
2829 7063
9412 9025
6687 4977
7051 5306
768 2216
3407 477
3971 1414
8290 7976
1209 532
2288 515
2987 3682
2697 4505
11 1955
9782 8237
46 59
1312 1640
6142 5988
8298 7542
349 509
9052 3829
3837 558
2899 2938
1954 1756
5413 8197
493 1489
2299 1985
2816 1043
7440 3774
4895 9170
6712 2319
471 1276
2055 2071
1272 1945
640 605
7585 7619
10 121
1912 1858
2605 6121
3427 630
6102 9250
5778 692
4520 1866
134 70
259 2298
187 1411
3145 2030
9289 7204
8474 2024
1320 661
735 202
36 82
949 5836
215 66
4975 5288
671 767
927 9502
871 1476
133 218
7474 7711
1121 81
352 8354
8583 9330
680 2812
8384 6348
2304 3840
242 4252
4078 83
4887 4465
688 4173
2328 2014
1864 6777
7488 1938
3354 3737
5038 5400
325 2630
6059 6769
4020 6662
738 2349
5064 6567
3713 6345
1708 5082
4449 6522
1631 4109
989 4257
8701 5406
5424 4410
1182 963
448 2637
8928 8529
7654 7607
8246 397
479 8355
5217 5624
3329 5749
2005 4519
824 1851
7272 8757
5258 7772
135 2057
6086 3107
963 1911
2084 2327
2011 2167
43 359
5166 1506
1487 5928
1536 2333
5046 5204
8288 2396
9007 5064
1867 2984
5080 2943
8022 2312
5988 1611
3152 1776
3206 4153
3381 1506
5600 7281
2746 709
4521 6325
4040 4587
3 4438
7885 1700
184 9781
3597 2448
7714 6605
8325 6418
4415 467
1120 1459
1141 1164
7028 6758
2422 3284
5069 496
1918 9554
3149 6967
1008 1504
7716 9996
97 217
276 4555
4347 9244
7261 9749
989 852
2859 3260
2049 349
458 4664
5440 2345
4848 1054
3615 1477
1300 9258
5511 3149
6275 558
1924 6558
3376 6284
1599 1332
135 4850
8964 3672
7763 4935
1506 7682
313 1463
6792 3787
5812 5790
495 153
2320 472
2510 1596
4092 6039
1020 3285
2499 5222
385 1996
7066 2905
2917 5951
847 2089
5342 409
1337 534
3110 3580
9411 851
3265 1472
1512 7317
6596 753
9405 2095
3125 7469
8818 6140
2764 322
8899 3229
6519 1233
3651 5055
5613 1159
8588 732
3282 473
1222 5448
674 2096
289 978
8262 4471
831 7645
1536 2313
3800 6119
5041 3353
985 476
5776 5454
8600 2722
7877 5564
2093 2433
435 5186
408 152
1003 2305
354 481
845 3337
9048 9552
3322 9623
5172 5804
2923 2270
8653 3081
2237 3785
1044 858
601 4515
6145 7237
1642 9121
8457 7241
3231 5995
385 1270
4802 9863
3183 4581
3046 7837
70 517
2117 1812
3454 3956
2765 6111
5574 8137
7968 4531
481 493
3687 9600
6619 5214
1602 6501
2325 3126
7893 3456
134 464
3731 7643
1115 962
3956 4062
154 197
346 130
753 3493
790 8949
2447 9757
9361 3222
3815 540
8182 9395
1653 2808
7175 3192
5732 5885
6525 7210
2891 7353
6069 962
4719 1081
1405 4333
1901 1453
1575 2478
3001 1315
840 5636
1601 1109
1651 833
4770 5993
4702 1519
1115 2062
1324 2016
7979 4860
5540 1392
9179 1549
9368 2949
297 555
4892 608
5381 3271
286 649
192 3020
2996 2643
87 4522
2546 8174
5761 6827
3453 907
8024 8088
5018 8724
8949 9788
6810 6776
2920 4261
3760 6867
2179 9614
3191 7352
4374 864
276 258
1350 2402
1725 1142
4288 605
700 773
4695 5144
4683 7343
1716 1921
9363 4500
3302 4484
7047 7264
4039 6999
3810 8952
6515 9223
2115 3471
4337 4297
7827 8865
1480 6090
3944 3367
8749 5052
2295 1244
6767 3370
615 6083
7226 2779
9754 1852
5470 7746
4353 591
1321 786
81 6101
3110 817
2601 2442
792 5304
907 629
1002 5805
4232 7611
5020 5927
5848 1545
9922 5432
1297 1759
9232 6685
4887 5248
7203 5548
4064 7292
234 5677
1733 1234
7610 6430
3568 8252
1677 2946
296 4222
7800 6293
5152 2135
6418 3909
800 6605
9540 1387
9040 8318
323 1421
9085 1425
7360 1412
154 6300
805 3033
8167 8033
1816 8700
684 2300
69 925
3817 3168
9424 5972
470 5317
2583 2618
4498 7537
5596 7931
762 679
2153 3121
7048 1298
1389 640
3739 9457
1571 3081
3486 3043
7794 6037
8834 1844
8914 4694
5005 5385
291 352
6354 4499
2588 9069
2363 4306
1743 5568
2316 434
1440 767
5279 182
7777 1524
675 1382
5637 2322
8308 1898
7262 1887
2539 1592
7392 3237
9182 3929
4902 871
62 86
117 3084
9692 5391
2312 5561
1203 5754
4024 42
85 947
2433 7815
2605 4015
2107 2769
3737 3945
6589 3789
4305 5075
424 3341
284 417
6658 7271
28 106
4597 3872
2427 1587
2370 8217
5000 2737
7426 3306
370 346
4495 1289
6241 2927
2079 7365
2123 844
4759 4658
3143 2863
1411 9611
4809 2951
2148 8222
1557 4914
126 765
8582 7707
3892 629
1411 5727
9249 9320
3188 8677
1413 9626
7147 6446
225 770
9454 2260
183 6115
3572 9488
5717 611
6829 8353
9241 8766
1995 3885
2790 2419
1638 852
9514 8670
1120 2503
4033 4418
482 1359
8039 6792
760 57
119 5050
937 2600
5810 3389
1081 722
1476 4646
5838 8561
4533 9784
3501 9011
7605 7311
976 532
5013 2864
8490 6401
3319 1205
28 19
2276 1023
3563 3166
293 3295
5158 1031
1226 4549
5991 3131
5123 6110
7416 2529
2497 6705
221 176
9971 7906
4383 2169
3404 7788
560 5908
7539 7156
1762 8976
842 758
3521 304
1255 1048
583 5391
4066 3372
3602 2895
2453 6322
50 262
2474 1550
5937 6063
345 252
305 243
4664 6330
8033 6349
7131 3600
5811 7516
2419 9932
8748 811
4878 4054
4150 8547
3943 2501
2832 2933
931 803
668 837
2057 7023
1222 3119
3932 3712
634 62
5692 2910
1923 3180
1777 987
5500 3506
1438 1780
5968 3171
8762 1233
1723 634
4266 4317
69 1394
5920 1006
8014 5653
2102 194
664 6248
1909 2728
133 6961
3202 579
6493 5362
6720 2883
2459 5964
5907 1568
8882 4627
1116 2785
8823 947
314 1961
9655 8797
418 612
32 65
5750 838
5596 7341
551 5126
4416 7284
6875 6323
65 139
37 7
3418 8785
2278 2623
5067 7322
6164 2888
5533 8277
15 14
878 826
1572 2594
2565 7668
9269 2154
2606 5103
8532 9140
3557 4095
3600 4490
1687 4757
8578 3800
4028 8591
3551 5253
883 1952
1128 4656
550 420
6155 3045
783 3122
982 669
483 187
6703 5463
8117 4555
4494 194
2715 2331
4821 4861
1177 2899
414 7897
248 90
4800 1432
1749 3653
343 779
8586 6069
9736 2319
7039 9966
154 229
4819 9815
5946 6892
3663 1878
2142 2676
3535 2132
3942 3053
2124 1129
361 516
3588 424
2305 9482
3805 3895
5219 3907
7454 2189
5774 3986
4551 5589
8549 432
5268 5943
5431 3106
5035 9344
1395 3716
4964 2886
2682 8847
7727 9296
1994 6680
3279 5393
1024 70
9072 9365
3067 1374
5912 4286
6572 1696
3998 4882
5439 2068
4539 7555
6050 5031
287 759
1530 9687
2746 5275
1198 2233
3566 603
7617 7345
2456 1713
3067 6717
7111 7174
9230 1509
455 858
81 2192
5714 4899
1571 133
2025 3920
590 1602
1444 71
9168 504
2376 2104
1278 4291
7418 9526
3791 53
6011 1114
406 2
7887 7178
6604 7836
1197 2829
7130 2533
7713 8873
5082 7665
7964 4298
873 167
1134 2517
8966 7695
7905 7756
3636 1529
6194 734
3461 507
1097 2610
2750 8755
5528 6887
1792 9700
264 446
598 231
4927 834
1493 8064
3528 3516
9912 8114
1196 2734
1993 1474
4686 7178
19 4905
234 5136
4607 4503
67 8525
3779 4322
2336 7092
9547 9276
2235 125
6770 6125
299 1218
7180 6998
6836 4693
4059 5547
530 914
336 4614
6227 3397
9 178
5259 1821
2835 2367
2440 3372
2752 3292
7946 5369
7159 8011
3521 8583
363 701
9629 4928
2519 1461
4825 4153
5021 4930
5455 8322
15 2919
1256 1863
5271 9661
8472 1342
2998 6535
398 7
1 2
4832 8042
8544 700
6290 2527
3484 6465
2273 1485
450 90
3181 2286
1697 1997
5487 1478
5077 3098
899 1013
1300 446
7477 1673
9152 4836
6111 6970
1822 6965
813 221
608 425
2562 8159
8031 7747
4602 4275
1286 1669
407 4244
1925 6456
5909 9119
5281 3501
4690 338
6730 1059
3065 5138
409 2625
9585 710
7871 3287
2582 382
308 518
1161 9016
7384 9359
1741 5170
3819 2302
6865 6055
5930 4002
9523 9343
4018 4592
4854 3588
9192 411
1727 9256
108 168
1092 642
377 4012
1136 3530
3284 4604
8032 3939
2208 2468
795 980
574 1773
4142 3838
1318 1468
3412 2724
1727 85
1763 919
724 8772
2690 2847
4782 7109
5576 5879
4230 7005
2140 9301
3150 9435
521 1416
6159 7332
850 7998
731 5634
6471 9251
4661 5370
4990 1300
4224 5150
2301 4747
2345 2
6414 533
7850 3127
1362 591
6809 921
3571 794
1440 5614
6586 1026
7530 3394
816 4103
8010 1045
785 1292
4806 3270
7575 5556
5538 7198
3940 935
7588 6902
5554 5800
184 1964
8470 5491
2585 2675
5357 3849
1379 328
7050 8184
5026 1231
4790 4110
1553 1148
5218 6946
5831 297
9711 6456
1670 2208
939 729
9666 3471
792 8362
757 9831
242 3393
1785 2178
2252 4241
1397 6826
7913 6381
1046 5297
5168 6849
980 2271
2062 9423
1892 6883
9794 749
3275 339
3123 6786
762 2185
5086 1229
156 96
3678 9147
6798 3732
9917 4752
3476 7642
6031 1340
2735 732
9506 9200
1500 460
1086 1354
2846 3417
2775 5445
3164 1156
3781 9174
1441 139
4420 640
995 7202
4179 3894
1905 735
8596 3973
5036 6996
2035 2876
5505 8658
7067 7362
144 1058
1920 1536
2330 1833
7049 7397
1620 130
4252 5070
646 2375
1258 4918
2343 2352
4532 1165
3456 441
8787 2956
1578 1688
5708 9832
8946 7582
499 3454
5007 6976
3304 31
4305 33
3604 3340
4253 9864
7227 5058
7720 5503
808 502
1940 8349
2118 1930
8413 8369
704 4884
8779 4916
579 5967
1646 219
6096 3969
175 2201
7191 3117
9328 4419
6848 9654
4749 284
1675 4533
5104 578
4058 7993
753 5034
6928 382
7756 7164
7182 5709
1155 626
2352 2904
3500 3806
698 9597
2797 3402
8175 9510
996 61
5 7
7048 9419
3047 2604
3156 6667
4111 3386
934 2818
8478 4436
1180 2761
144 434
1082 1385
7971 3180
1027 3637
7140 7078
4674 7821
9669 3873
3674 4308
377 492
4036 6108
8506 6570
1545 1088
1799 7882
1411 1528
5301 3163
4810 2990
1416 2447
1057 7176
1677 7475
6756 2597
593 1772
2557 6276
1059 2426
680 339
2680 2357
8028 9500
521 1430
53 12
2228 5656
2420 3441
1496 3364
514 4766
619 809
7353 8016
2399 2589
8052 8242
174 402
7723 555
5280 5042
208 577
711 795
344 720
5868 8699
1978 4951
7201 5068
1753 4289
363 8
5209 3337
2632 6900
8292 5862
236 7350
652 6584
1744 414
2282 2367
9720 5541
702 2656
6357 167
9612 3337
8602 6871
7407 7844
8968 2183
1161 1614
388 6397
5887 9771
8433 8039
1560 6099
3648 3586
2475 9065
4319 9369
5071 2771
2319 364
37 115
26 6935
6661 1261
1677 4092
4302 877
1248 4750
9441 2256
3485 3466
3019 2294
5603 5519
1584 715
1979 1798
2609 177
1249 2165
108 2663
134 1956
1459 1520
4962 4725
847 4408
5563 9060
1257 681
4307 5574
1643 7586
2643 6128
5781 261
2238 6124
8592 8620
4031 2936
6932 289
1265 2132
3822 4487
5342 6593
853 298
4730 8136
9325 8526
1548 5125
5834 8726
6136 6903
3943 5442
1658 296
220 275
1730 1535
5925 6008
3887 2579
760 3936
3176 9329
5653 3977
9668 8125
3768 5616
7432 4477
272 778
202 2
9876 3562
1002 6462
4154 8661
4950 187
9267 7791
2773 5415
6740 6590
6398 6761
9081 130
8678 8999
9014 2372
7509 9869
500 2620
3148 1969
8085 7503
3161 2463
6868 8574
1815 5740
2304 1936
2805 5523
5142 4125
3235 7571
2542 1788
826 1745
1521 3640
981 2562
227 568
2903 306
9286 5166
5992 5387
4159 4163
3185 212
156 4466
2019 3092
6021 3769
545 198
696 9339
5134 9825
2489 2344
1195 3016
9566 7508
53 2988
3018 1276
7825 1036
6927 1663
6979 3742
3540 1394
4290 5484
2413 4643
357 326
5357 8432
6988 3285
4460 5583
1760 887
2422 2069
3414 5352
6307 8151
3120 1577
6251 4613
2229 3205
9822 1762
663 936
1073 854
3290 6977
3645 1405
4753 4286
3966 5208
1094 852
7962 9388
948 3851
9028 4485
2628 2411
1144 7313
4982 4101
4812 2495
557 5954
3727 680
983 449
7340 8808
6606 1798
2830 1682
2855 1439
4974 5743
6656 7646
776 7663
5327 8361
8028 9277
2891 72
838 9443
674 434
3876 6327
3418 9452
3619 1615
27 226
8241 1342
8727 1799
4568 6064
6252 6120
2013 2648
6975 3341
5383 9562
7227 7906
3058 43
3346 166
9232 9846
1705 128
5769 7464
5313 6753
910 1547
4561 7207
5137 6427
2527 5604
227 112
3490 6250
5486 2520
4368 1247
2860 6363
5910 9318
498 4827
3331 4714
3287 3013
1494 1826
3924 4512
2035 1644
3190 4462
459 5007
4032 7750
6272 4427
2996 8719
4638 6498
2536 2213
781 1531
848 3558
6464 3920
1179 54
5625 598
483 1193
51 1356
2421 5407
5297 7829
1353 1484
1506 4017
1138 565
943 160
1937 562
8958 839
8416 8587
4525 403
4138 3686
588 1530
463 7234
2195 8250
1186 7886
819 7606
7870 232
821 693
9061 846
4294 7022
3214 5356
959 1984
1497 966
2527 4888
6324 1626
1900 3445
7505 5501
902 1971
9920 3112
2042 998
3389 1338
5406 5846
6554 4912
3032 70
326 3467
86 1663
3268 2617
6973 5602
6679 6261
3855 253
502 7443
3055 9644
1960 4735
2437 3043
1501 2753
951 7805
3457 38
426 4279
8257 6401
6161 403
1185 1906
8779 9968
2798 4638
2035 2760
970 1050
4321 4151
2327 4126
2136 1253
996 4198
10 1766
694 1467
355 2850
83 1635
3736 2844
6210 2518
1182 7120
8185 8993
3686 3919
7980 1109
7090 8811
6829 6796
1098 1029
7175 7293
1269 5403
6738 7992
7208 8263
1679 4352
5343 3337
9462 653
7476 3095
9205 7492
3868 2788
3255 2083
838 3900
7230 8018
3259 4751
5076 3953
3469 4
2795 7859
1006 2756
500 840
372 7503
5553 4251
4684 8369
6685 5574
6190 2452
4513 2965
1581 1103
2882 8169
968 1807
35 50
180 1049
7708 7789
1785 103
954 1184
1766 5093
5841 1116
3609 506
261 4385
1084 7110
806 2037
9602 8090
334 99
4913 2782
4903 1296
9478 4858
7422 234
2217 5361
597 1102
424 4277
6209 8466
63 23
939 5712
7858 7100
9582 6648
110 3865
1931 7995
6828 7306
1325 2788
101 1712
2296 7969
1036 2301
2127 7260
1869 1736
1163 7385
7477 8856
5519 9880
2509 213
1948 2250
195 4023
2837 4347
4218 9096
4547 5192
8359 8519
7907 5610
6112 8157
5187 3428
6093 3835
288 40
6307 1331
882 576
1428 4344
4974 7602
2934 2001
4166 4931
1668 9422
4903 5877
5394 279
4114 1195
3722 4269
1065 9097
3669 740
6514 2809
4659 3741
419 1534
2798 1167
7784 6499
918 1739
7709 4993
605 2274
610 1883
8735 6241
132 918
8144 2948
1651 3928
1904 1991
476 4118
6680 8864
1471 6257
6131 566
247 4754
2704 8794
4480 3915
773 2061
1360 992
2759 640
1330 3487
2459 1889
6123 5884
3093 2608
2536 3916
1716 6577
3076 2854
2674 3792
763 140
783 655
4268 5571
2277 384
1110 2635
5183 9884
4019 5642
2499 5068
2896 8077
8824 6080
7976 78
3302 15
8747 8806
3666 1691
1231 2969
5380 3691
9401 7407
482 3266
5314 4934
9046 2665
3861 4412
4563 479
5665 6910
7008 7330
3240 1832
4910 2770
59 87
7459 5902
236 199
756 1587
6242 934
9501 9207
3709 9355
5822 1446
1288 1853
6533 2861
5795 4172
9902 2023
1257 5318
3943 7129
6621 8340
1279 180
6893 943
4234 828
2179 6026
2864 2129
9145 1913
679 5791
973 3553
2576 7097
2296 3544
7816 1158
7447 358
905 917
8283 9008
3228 3216
7739 5491
531 874
388 59
3362 910
4397 6820
6860 1599
9346 4298
6511 9539
4485 1558
1535 4874
4686 3087
8 2262
6356 688
5508 5274
6044 7983
565 8238
4311 7793
4383 4999
2314 1046
7545 6100
2178 6749
3041 7399
6031 8040
110 99
1885 5698
8402 4015
2640 4464
5545 7412
1692 93
7421 1717
9816 8910
2962 4349
855 1667
4334 952
1207 1865
3012 948
2679 6755
790 1400
6602 6835
1189 1743
9678 3597
414 805
9499 3000
1348 7843
1370 1170
7893 8352
4655 2491
500 946
4644 3077
353 4312
1829 1744
8972 7810
2151 1168
2313 6429
675 1607
3311 150
2005 2568
2556 2101
140 4150
4072 1399
6169 4296
5876 5390
4670 7457
9724 6094
8142 9252
4556 7824
366 6601
9982 7267
4482 2380
6157 2513
7754 3568
4210 1425
614 2906
5193 11
1108 3438
2185 6983
6188 4255
2828 6156
2952 9513
2585 188
4197 3852
1128 2431
24 40
9806 5836
1505 1483
615 357
5443 3210
8072 9615
643 1706
1609 5924
3891 3362
1891 2281
3213 2884
708 6576
1371 330
709 2143
158 364
1883 2308
5414 5236
9307 7269
1088 1771
7514 6008
3996 4030
3687 8613
8942 8683
8748 9952
368 1056
4441 4001
3992 3914
8340 9159
8269 2005
228 3051
1991 7336
3357 1914
5681 4336
2491 155
9975 8976
2 2306
6530 5990
2204 940
9909 2409
3606 4692
6585 2751
7778 736
260 7957
847 274
6132 6121
6834 8145
3719 1160
355 519
5182 9744
708 673
1110 2737
6674 4189
1354 4196
888 2081
6337 7623
5181 3916
485 343
5153 4567
5718 5611
4657 591
731 666
4445 1857
9374 4777
1872 986
5230 4500
5430 2969
5931 7649
8387 3674
3893 2202
620 9581
2148 2102
3023 6500
540 207
2783 1652
1295 812
2280 19
4988 726
1881 9199
6112 5758
7296 6297
1081 4594
4619 5199
149 2677
2744 3459
9466 4550
1266 2266
546 373
3158 1089
7848 5219
5179 9875
491 944
2780 1393
8587 9998
186 5233
229 1304
9723 7959
1090 5231
2184 6410
5730 6308
2868 3011
8786 7367
2434 301
2513 5887
1204 662
9905 8460
6540 2237
1095 2908
1456 8499
64 71
2034 1007
9398 8758
1380 916
6499 3042
5195 6173
2868 927
18 3
7001 6150
677 6223
2608 7398
3048 1496
973 33
6671 9025
471 824
6698 3475
1345 3074
1837 2212
2342 8646
2857 3567
6374 4810
3465 4968
4342 1357
3330 3578
2033 13
146 563
2003 395
1054 217
2483 1667
1234 1512
208 7970
6863 4325
9595 2821
1178 9209
2865 585
6111 6348
4093 1518
7043 3592
6304 6882
4739 4416
1629 9660
2602 8871
771 469
6531 5505
5071 6787
875 4367
1740 5546
2516 372
3516 9107
8216 7146
3449 4355
2405 4185
101 18
4908 2019
3835 7025
5483 2938
4505 9713
2534 686
1674 9000
2487 442
1315 398
2979 3541
8606 4051
150 358
3538 4683
715 9529
199 151
1970 4567
870 3117
1362 2315
3466 755
4859 5970
448 1186
8754 5418
4761 6423
5395 5854
5594 5030
3635 6672
6189 8412
1919 221
8781 9976
1050 3242
5053 7430
1483 1222
8541 8821
6483 3631
1878 2095
9264 1560
8892 5180
1977 2013
4050 8107
17 529
1323 4726
3995 2205
9638 6431
1101 8187
1574 6919
2700 1280
2891 5892
716 4937
5472 9213
8848 5856
866 933
6746 374
1256 7135
8215 4850
6839 4302
643 1711
2530 6196
8156 4720
7089 414
913 2384
9190 1673
225 9942
195 9
2929 287
3568 5456
8765 7562
3980 1083
539 2115
497 1839
8819 3594
9270 52
9376 415
959 1431
1622 1590
1 1795
5554 1676
4727 3872
950 71
375 5793
3638 4765
7497 9519
8447 3756
5674 1432
5708 8687
8452 7177
1959 2707
9878 7410
159 237
101 590
2286 374
8416 8611
9413 9421
5214 3681
2335 3243
6796 969
3477 1984
5720 4629
1064 7833
2086 891
2789 2189
4164 2048
4038 3434
7059 7035
1629 2156
4895 4960
9039 7180
7557 3801
200 132
2726 3501
6811 1590
3524 2046
8947 7228
1110 9574
5365 4796
9704 4919
1107 5661
7978 6062
4157 4760
4167 2709
2281 7926
347 4051
6656 6341
328 2
1436 3843
1133 2631
6793 1472
370 1302
2083 558
2177 5294
1319 5300
4518 6495
929 165
1065 3533
5809 5264
6102 724
7096 4947
2282 7082
8177 6499
2007 3680
659 569
2766 1360
4429 5465
5476 2663
2983 2448
7074 5337
5597 1470
419 375
1110 52
585 1541
136 69
3573 3220
6487 7085
2687 9458
2335 5002
128 438
1602 2595
1008 2169
1354 2698
4707 2579
7017 2274
2978 3505
633 1885
8495 10000
237 1450
1264 160
5215 5299
1263 2564
266 291
4607 9480
309 3854
6267 9755
5374 8792
4275 929
8965 4080
1690 1006
5691 4145
5095 1025
1409 8969
5664 8503
1002 5220
5307 2068
6596 8707
673 6774
3685 1980
121 387
500 489
3245 1627
7033 964
7830 1843
3242 6528
435 209
3665 6890
6715 2041
8876 8115
488 4610
1945 8494
7471 1094
1994 604
8793 5801
4824 3533
1367 7935
2039 57
427 587
1032 944
979 450
7604 2312
473 804
260 2441
424 726
759 4758
3402 5272
3744 3883
5164 5587
5542 892
9450 2384
3389 7220
3067 3929
1494 3871
3297 9657
6413 859
9293 4324
2524 551
598 8559
5176 7403
1267 3089
1462 353
5221 1833
47 404
355 721
1942 3525
1121 4202
469 263
3147 918
2442 47
887 6657
401 757
2105 689
1296 551
9833 1447
4399 2892
1618 289
2228 1721
5117 2799
4389 7928
7320 1611
4048 381
9775 3943
221 935
4392 8416
396 304
4010 3100
914 9242
6503 3929
8689 925
5548 4483
8445 8210
8708 4195
717 308
1819 1593
9494 5512
5479 5336
3501 6204
353 508
7155 2033
8942 9386
3668 9037
9940 61
87 216
1892 4195
6143 4181
8115 5917
3155 2646
3443 7591
7071 8651
3069 2131
6145 7021
7529 5077
6002 9294
1653 8766
5459 6914
9649 1323
9908 522
6654 3937
1374 5648
6221 490
810 8306
7056 9617
125 822
7638 3258
2404 696
2693 931
1974 613
5002 7240
3354 6296
83 572
893 816
1561 2004
4338 1901
199 459
2544 544
2074 9099
1133 2406
4929 2259
2065 3044
8545 3255
7608 307
3 14
7528 7339
1778 852
998 2599
6017 2070
8202 5372
3561 3777
2948 1976
4859 3158
1085 868
3852 8635
4283 1557
6862 3814
8114 1114
3128 1394
5799 1617
5197 6828
1272 3153
6069 8058
9064 1275
3249 1313
9215 7317
1909 1978
5022 4477
3798 2632
126 116
8458 9573
4973 9477
620 1765
2056 2332
1738 4622
1312 400
652 9080
7891 8941
2413 1513
8944 2953
5477 768
7945 4613
3875 8875
266 156
3500 1158
955 1938
2961 344
221 3620
5673 4757
1125 167
4144 2766
5373 6056
1791 555
2721 4077
6614 5059
2909 6198
7671 5465
8020 9819
7906 9133
9530 9176
6667 9762
104 76
2569 1972
820 8805
45 58
346 377
3683 225
9803 6482
5162 9486
1800 1625
1891 4676
1934 6
3641 8632
1032 1781
6420 1637
1295 3514
3984 291
8073 4061
2316 2425
1062 1493
740 4436
495 6065
5201 5015
4243 4651
5628 2861
1456 8763
5857 6073
2991 576
7191 7857
558 240
4165 6292
9578 1592
9747 9351
241 2869
6590 3874
9103 7322
1771 6267
3630 2941
2188 1023
1735 676
9163 9944
4025 6059
208 115
2132 3426
6757 7650
913 4855
3125 7807
5985 5974
4712 2434
7444 8508
5195 4596
6953 2447
58 1837
8475 790
2596 646
5143 9312
1061 1487
7491 7424
9848 6114
3599 2965
1251 7391
9978 6969
4882 5351
1346 7327
1721 1930
5438 1851
3879 709
4720 2182
6116 2974
1604 1501
4483 3753
1391 1265
9534 8704
3140 6991
5789 2484
844 447
8931 5609
1017 8580
710 7899
2545 1650
8983 7131
7133 922
4548 3188
4029 960
5584 3673
2692 3405
2804 4127
247 132
6747 7123
9690 6060
781 585
1412 561
7224 1702
4564 879
7308 3294
7348 5439
4946 3912
1074 3207
421 4169
8662 3040
8343 9268
7734 376
6874 2604
1 6
3420 1966
98 1340
4447 5278
7367 8422
7123 8096
1378 3379
9579 3333
3868 4054
2359 2230
651 21
21 9977
5073 3279
3339 4204
88 637
2399 4815
1865 5889
5787 1681
7409 7190
8534 6230
7890 8666
5245 470
6526 3313
3516 5722
6784 6419
8527 224
791 640
7337 9474
9620 8875
596 467
1593 1393
3129 5337
877 614
6439 4051
2638 8489
7811 8295
4470 4242
8337 6924
1226 626
7170 1397
881 2527
922 2190
2338 5529
6676 6624
9703 1506
115 1151
9930 4587
5627 1695
102 1521
5087 2671
192 52
1927 398
4037 5115
794 1767
2867 3827
5263 7914
2938 5203
8973 1509
2953 1038
1410 8190
3550 5134
943 5527
3041 943
8110 6578
5296 869
7633 3416
8403 3142
3420 4143
339 725
325 775
4486 9663
416 532
7648 4367
769 446
9785 3834
754 6094
2639 1249
1014 5088
633 426
90 4406
2312 5360
4262 7425
727 1236
1133 2795
4450 9522
6944 7501
8784 147
2831 450
3357 8956
6496 3464
7651 559
6419 3148
1929 6597
804 1867
4230 2622
2371 6743
841 290
787 1212
4117 3852
912 720
3377 870
1615 223
2465 995
1664 4028
389 117
896 1091
7950 3008
1387 940
6830 5422
4680 8320
997 1506
2544 5864
8192 2934
6170 5899
151 70
1091 3904
1415 20
624 1336
3140 2353
8926 1022
1693 261
6583 2479
2105 8429
2383 5972
3848 5260
9648 4256
3832 878
8078 5380
8458 4005
7244 8728
8135 1876
5287 5480
4430 5865
2491 4136
7263 2545
7993 9175
68 73
1099 184
4740 3926
9958 3240
6789 9045
6032 7717
6515 258
5667 5321
8991 1373
1522 858
2634 1725
442 9934
1329 6201
4698 3927
144 99
4921 3260
3025 507
4104 6750
2382 2342
4264 8673
2132 7783
3198 442
3429 5626
1453 321
1574 1417
1730 2526
8842 3290
1700 1084
2507 1354
704 6780
9897 9792
547 5027
4724 1684
3941 4770
5528 3326
3474 5006
4427 4955
7861 1767
5082 9122
2914 330
7722 4792
2314 7381
7708 3911
1575 6997
1769 9865
775 3335
3008 4761
2555 4214
9555 818
5037 1605
3156 1626
8769 896
4801 1715
6852 7845
3149 2827
5973 8671
181 210
9682 2223
9150 6863
620 706
114 7288
1526 9556
4137 787
329 3858
3589 4461
8136 9074
6713 8351
2156 4633
4608 323
4590 2601
2762 4307
1837 7323
5011 2166
2102 2354
4287 500
1239 8960
7281 8502
1775 528
4794 2476
1832 3596
4088 9618
3999 4935
223 42
7598 5723
2458 9599
9265 6877
732 1680
4661 618
1399 8025
1174 4864
3977 4915
802 2073
9280 5413
69 828
2211 2922
3318 2878
9838 928
3345 4545
9345 5703
4250 869
796 1008
2140 3960
973 7846
37 233
7564 3064
7215 2115
1197 1073
3054 1573
9254 4063
6594 4913
5650 8034
183 400
2832 5897
355 663
499 8141
2133 7104
4279 4688
1580 9104
7034 6033
1188 3738
9129 1843
9176 1399
7990 142
6719 1639
5108 1228
8988 9983
2716 4390
768 1477
3387 7779
21 736
6871 2935
9949 8101
4023 5200
4917 8782
8639 1413
4045 588
4894 6562
8561 9207
9358 5714
2907 7387
920 1015
2740 2457
4065 1732
2295 2537
1946 691
990 972
3958 3178
207 20
3377 4699
7902 3596
3720 3266
744 112
2862 7996
5222 7032
5223 5495
105 3254
4626 3682
686 4600
7464 9896
4476 8283
445 1748
360 4695
7185 1282
6635 8617
1446 2578
14 32
379 242
247 353
9684 2264
3265 3523
891 9901
7449 1198
5099 9973
8438 4876
6520 9231
2358 3419
2472 2320
183 47
3393 9005
41 3446
1963 962
2017 5005
5786 4763
2924 2372
8 9
2309 2298
908 7868
344 4647
666 4201
5148 9643
1141 798
509 6360
3889 6877
9861 4283
4751 9935
3912 8206
6491 7951
852 54
2875 4969
7287 3105
4273 1596
4042 7962
3935 3491
4743 609
328 356
991 3082
388 1046
382 3365
3981 4437
3016 3169
4252 4973
7107 8743
1590 404
452 41
9970 8573
555 846
4496 3477
7922 2216
7822 4287
1659 7485
637 992
3297 400
2843 2027
5217 5372
8893 3998
3350 8328
6790 8940
5644 4911
1288 257
8128 5861
3786 784
9114 3130
4538 2385
3198 3368
2417 2201
1814 287
7851 3321
2594 6299
5173 783
9062 6865
8980 4248
9650 2557
673 1610
4384 3279
179 3063
1803 902
1804 3002
6181 4965
1148 8015
198 107
2856 828
4760 5182
621 662
5683 4602
1934 2179
5898 3354
9965 2794
1316 150
623 2146
367 182
6450 820
1830 5837
3775 2333
8555 3869
1572 2862
975 301
3670 2100
666 363
9637 6678
2293 3005
9895 8296
2805 7187
5676 7896
607 536
8076 4459
5028 7117
1540 7158
3139 4365
5732 9032
3313 6344
5883 5669
10 491
123 146
419 627
1383 1437
140 180
2253 606
6834 9013
5847 2096
1135 1670
4360 7335
3872 2443
1913 1072
7437 4036
8755 8998
2231 520
1478 1543
2073 2999
5459 9030
3897 1350
8220 3711
5623 2397
4899 5953
1199 91
9078 5627
339 168
8386 621
2610 3667
2755 2912
2806 9029
4056 1440
2064 311
67 83
6109 6438
3279 7148
116 703
5767 7410
1219 583
34 2838
6265 7947
111 185
3179 1471
436 738
6298 188
4529 8052
5618 4128
2549 8906
2791 3232
2046 1138
2685 7985
8751 6854
2848 495
1239 1169
432 658
2259 6812
668 8109
4026 358
1456 3930
811 3691
658 1005
5888 5737
5725 8702
230 515
6249 7401
3193 7753
9694 6445
1877 2111
1229 1698
5786 6565
675 634
4067 1967
390 1063
7626 1602
1031 9760
711 2688
3290 6945
93 7
4099 1802
164 6339
1458 2100
3390 2866
756 1454
9287 5972
4076 8454
5952 1116
1789 101
5040 6239
3299 658
1560 6262
6163 3413
464 1949
5543 8760
6466 4664
3715 6853
7239 9673
6282 2773
2131 1986
2048 1654
109 2779
7004 3043
728 6309
741 82
538 650
3059 3534
141 209
6400 4217
141 5
1270 2952
9160 6715
3684 4489
3060 694
6688 5105
1744 7190
3746 4557
3139 67
4730 3678
19 284
2565 3688
7911 4456
3562 8950
6609 348
455 31
9049 2808
9609 3007
490 69
3081 6305
2429 1204
4489 6534
963 871
197 322
1183 109
9911 6373
2341 933
4055 5116
8464 934
4282 806
4018 2185
6231 3677
2684 305
3829 7055
9525 2477
4055 2765
5577 9493
7581 5329
5119 7218
1684 1040
3764 654
501 207
8727 9553
8548 1808
5785 2146
8995 7312
1431 3307
8590 9370
7551 3010
3095 1296
220 3807
7781 2550
3045 1247
7358 5851
4318 7814
9276 6063
3222 9746
308 987
8767 1295
9120 5719
1655 3954
6346 1375
3505 7678
889 5137
1973 1672
7732 7544
9964 8731
9780 5265
3094 3914
1894 299
7735 5654
905 633
6693 1007
8776 4888
2223 1764
1568 7199
9853 4763
9360 9841
5038 2657
7838 933
5595 3730
1682 2467
3506 156
3347 1514
3969 3619
724 195
4508 2018
5291 1924
1263 578
2493 3937
8191 450
7413 6744
790 1433
75 1208
4775 1337
1332 710
2120 1971
893 2672
1031 207
2218 3061
8414 2354
4900 3172
7842 6375
2723 6398
111 91
3028 6312
5447 3779
9161 9408
5455 9187
136 1341
3584 9492
41 1211
9945 3091
1787 686
6355 2381
7616 2605
9858 2488
711 708
3177 1124
7479 1247
9856 6499
3011 5422
7050 6368
2932 87
44 1265
3821 1923
428 193
7641 1151
5168 4228
6721 6066
7474 1388
2778 4529
8933 247
6830 7087
308 2947
5878 9035
5127 4319
6133 7141
8612 5076
426 8297
5167 5973
8885 869
2854 1899
1793 653
8380 4548
427 232
1492 1080
1002 3979
2387 711
3834 9549
1105 9670
4895 4108
3248 4836
818 392
6090 7389
6302 5639
9340 5742
5131 4079
2300 8721
4707 5748
6957 9274
9926 3695
2739 3279
4970 432
4784 9360
5521 3818
4725 3760
6807 7273
4443 7562
3539 8637
9688 9722
1074 190
4445 6518
101 116
1361 5256
9414 8299
649 991
1561 7512
2833 463
6628 3332
2792 1814
7080 1887
1456 2084
222 35
3544 6259
387 1435
2219 4796
6175 856
1724 6412
3219 7953
230 728
3048 6080
6217 7101
5350 299
1798 2722
8481 1686
582 981
9980 3300
4139 249
2808 8095
1069 1050
80 845
2008 54
1762 2229
6561 8857
1176 1027
1221 2091
6104 8705
8194 6484
3192 401
312 6246
3447 9955
9216 4956
6452 5694
1239 9362
1607 4042
8847 9634
951 4535
9830 9066
1898 6994
5904 2005
4513 9491
228 7444
1785 9850
4002 3592
177 2019
1879 4829
379 860
4824 4930
3615 8515
4640 1321
1509 230
3377 6480
5562 7535
5058 4351
3321 358
941 695
3911 2802
4591 4436
2968 3698
2900 1161
9208 4151
279 3221
7858 9512
969 5212
8228 8510
5590 4827
8836 8667
5043 4328
9356 8416
4782 6432
1328 648
3056 2879
8125 6806
164 4783
4586 1412
8907 2188
963 2103
1331 2685
693 1003
855 526
309 3634
4449 9086
5293 1558
9396 4715
2889 2572
3334 778
36 69
3 90
4721 5139
555 5177
9431 7281
3351 4605
1939 4105
3004 3536
4737 3219
9652 3606
3470 2543
2858 1571
8278 105
6573 5383
278 80
4340 6106
2127 865
3706 9583
254 2209
117 2041
5395 5685
515 535
3325 8581
865 5829
641 2453
4335 4029
9204 1356
962 396
1881 3549
5745 2281
685 30
8601 6384
9774 6900
8243 3465
603 1
7516 9963
3559 8437
3976 2806
6693 7466
6082 1713
7828 6298
3712 5062
3826 2478
3700 1169
8423 5889
546 5460
3535 3795
6390 3041
6331 2764
1588 7093
2628 3348
2736 2962
245 3880
8916 7614
3345 1771
2015 4949
1178 1234
7506 3187
6443 4441
16 160
165 643
3495 4208
1641 2915
9537 7970
6550 2617
1145 3188
5184 4764
5046 2707
4255 1509
1450 4986
3313 6843
3795 6255
6993 2451
8561 8775
6056 7765
9695 1149
656 258
378 287
4731 99
8400 7908
3348 3664
2587 8385
692 790
4674 4201
2636 5098
3950 2925
7304 8205
1041 175
1476 1634
2217 1812
5895 7070
7630 2080
2799 5106
554 1786
157 309
9766 793
1988 5729
97 58
5102 5118
952 4394
3363 654
4669 4206
9198 6360
7379 6347
3910 9461
105 323
3147 7766
2542 8977
1505 5251
9504 1334
3587 3987
2484 206
5371 2321
1566 908
890 1153
5494 2881
6131 7727
382 7256
541 158
7627 2086
3173 2358
434 461
4203 6085
2661 6212
9586 9619
2148 8889
6932 7099
1334 5031
1014 699
4041 521
377 4476
2565 5639
2043 5097
2211 1498
1742 2255
3863 2242
7773 1263
2838 3465
4023 4993
1226 6779
2980 9591
4070 6673
1695 1321
2825 408
7066 8469
5270 8279
4057 3978
16 48
652 4292
53 6232
7127 6813
3553 5659
2040 508
4149 2311
1970 5359
9180 1233
4531 5308
735 4713
2715 3090
3781 492
6504 5645
1485 51
2391 892
1876 1712
4106 711
6902 3679
154 123
6569 7311
3305 5815
2269 5099
2692 2367
997 1448
7659 4533
1723 7737
4898 6165
5490 313
8431 7923
9871 1739
796 1130
2235 2782
5576 4946
31 326
8656 7527
4576 1121
1479 750
1007 52
3200 6789
1101 1007
682 6379
128 5453
4431 3746
8389 4486
3230 5240
1532 7100
3336 2542
8310 5352
7156 821
6958 3512
9348 8652
4516 3431
702 3526
1015 2713
478 5855
7 135
1130 1233
6772 2842
2082 433
1646 4090
7354 5936
3317 1901
5400 6913
874 1147
7074 7435
5977 7340
8450 6951
981 4219
111 1047
7069 5107
1664 74
9894 4579
5998 1356
7644 7400
1677 378
1748 4517
459 595
5010 4953
7879 7322
4704 4633
1095 1010
6821 7356
7546 4296
4060 2835
6478 6045
9337 1071
7972 4252
8436 6004
4276 2789
3583 347
3121 3309
9892 2459
5051 2427
5803 427
2305 9476
819 1605
1030 1018
742 6233
9817 1691
7111 1571
4857 1530
914 5238
4807 3164
1288 2560
7684 9095
4079 1113
6711 6804
3351 7480
1186 7853
2615 2412
6 26
369 232
6844 6936
890 680
746 4171
8143 9087
1842 2355
2088 1175
575 1410
7018 1505
5135 3715
1108 7289
3788 3361
8934 8294
5615 4448
57 2607
176 9867
331 2362
1252 932
160 4469
2586 3590
853 2471
71 269
1401 1402
418 6054
948 593
8798 3360
13 296
6858 5476
9621 7064
3995 4178
960 3008
3884 1124
35 19
4214 7351
7941 9304
2036 328
6394 9324
721 2674
284 7280
1888 7865
1679 393
9331 433
23 8
3162 912
8238 8256
4554 3871
4427 105
2772 7495
4168 5249
7030 6089
2460 4071
2832 1272
8961 4416
171 96
2737 6618
2166 8756
6341 6448
1560 6692
1895 1942
2611 2442
7520 3419
137 2254
8900 6403
6075 6437
1969 3491
696 94
3547 5759
4316 9101
9136 7844
3717 2880
2148 8233
481 9904
8186 7503
8327 7761
6897 7115
8215 8491
7687 3580
6517 4448
618 2026
4050 1412
4615 931
2488 1234
123 20
4524 1688
1123 885
3399 7691
253 1714
582 5387
31 642
9327 6072
2889 7312
5779 4902
6589 9306
616 4265
2057 4583
1972 4805
316 631
1755 357
9751 8740
2217 2963
6120 7269
6733 7438
286 67
7583 7548
2158 6610
8364 6964
1350 1388
237 686
782 908
2420 409
1007 8919
2076 7674
3833 243
557 693
4395 2632
5072 1924
5798 5940
901 304
2689 1969
145 4448
1820 5820
968 1499
3135 2442
4767 227
5806 4884
850 3696
235 8406
5000 6681
6911 667
239 487
4687 4215
2321 6030
1673 8165
1516 4205
642 3374
9459 4917
100 25
8307 1359
2127 5269
4023 5620
7500 2943
9075 2516
3300 213
1635 4870
1581 3229
3394 2287
441 628
916 2325
777 225
4706 192
7877 8154
46 1178
6027 5541
134 723
3763 814
5598 4284
1717 4787
8345 4508
3849 2306
3794 4773
884 461
341 9131
157 986
4794 5896
224 758
5419 8603
1670 1694
1898 1873
41 167
983 1989
6612 2803
7966 6753
6285 3573
1411 2957
691 295
3114 2409
53 98
1629 1385
5237 871
8605 9116
870 1253
531 789
1 354
8061 7991
977 688
2237 8081
5443 5462
6183 7076
1173 3800
5721 6187
2529 5197
4889 2326
776 9333
1775 7718
1908 969
895 15
1857 662
145 243
2847 8576
1309 3075
3040 2936
4447 1612
1464 628
952 408
28 1732
322 482
1684 4473
5395 2835
8825 6475
1384 686
6254 6548
7427 6177
530 1057
1268 79
8392 6478
449 1294
2302 441
3046 1875
1052 1888
2085 1018
7635 8037
1742 6603
368 604
797 4021
6616 5034
1076 1724
1760 8440
4879 7624
5550 4641
1550 1448
848 1491
586 1027
4001 3274
261 156
1753 3015
4422 2196
2437 734
1598 2907
827 9350
336 9633
7883 2149
4804 1319
314 127
246 1821
725 974
6964 9795
6289 5862
1452 1106
6982 841
4734 6549
544 872
7920 3330
4799 2740
318 4110
705 1113
4379 5399
3560 5196
3531 1822
4061 174
9284 1005
4834 7126
5957 1549
5987 8003
3711 3502
1792 107
2285 717
3710 2588
4977 1807
6048 7574
1839 5364
2762 723
1103 2241
6321 5660
752 2597
3552 3245
3087 2765
1191 1256
5768 3713
4253 1667
1182 4157
498 3556
5421 6138
3069 9106
553 580
101 242
4716 2421
615 2598
6425 2262
939 4531
4181 2159
5015 6575
3097 2093
7625 9729
6172 1846
3148 7517
162 458
92 3810
1194 1747
473 100
404 451
1084 295
2765 2664
3087 9616
5417 5268
183 2616
2673 5728
5250 1213
1157 1592
146 8319
1670 2699
1852 5078
408 1228
5803 6375
6735 4823
5267 3939
903 785
6098 9936
2032 8248
3160 681
2193 2754
9495 8428
169 1246
708 2895
641 226
1339 282
556 444
2127 4833
496 291
9870 8577
7791 479
1749 5079
103 9349
6616 7239
473 1703
478 1801
3709 2349
1806 2773
9298 6220
1433 8166
1064 593
7498 5604
1503 8324
6041 3090
6240 7062
2155 2455
199 5354
9990 7
564 3191
2476 2629
4199 1569
4898 8814
6648 6571
9072 7260
4150 6199
2275 2496
4989 4982
3170 2273
8104 4404
7357 3273
417 638
4907 6408
7077 5521
2532 4876
4439 1999
2859 1780
144 203
2700 2702
3522 7380
1156 388
4165 8303
1913 3224
6987 1924
2643 2902
4463 3051
7854 3597
8747 3334
3388 13
7570 9391
7999 7415
5734 7679
6939 2707
5607 6566
1894 2800
1467 4268
3504 3582
596 3706
3610 1494
4928 1070
2956 3687
5683 5871
1592 5638
142 324
4458 9843
6734 1629
8835 7333
1122 1196
4184 4169
3697 7065
1538 2561
488 1225
421 137
3378 3715
5398 6424
5488 7697
848 2592
7116 7994
3166 1119
2617 3376
6625 8446
4320 2365
9420 6885
467 602
1674 5739
7834 381
7664 6006
1281 2799
9740 2662
9161 2322
3 25
1403 3939
218 687
1356 2538
5641 7601
1238 2777
2071 7891
7010 8667
3411 5469
13 188
7344 4376
7102 7640
7916 8273
4258 8341
1822 6941
5396 6317
3194 6529
3328 8917
3559 321
436 432
9570 1941
1555 6708
373 62
1529 2194
2585 3064
1285 431
4496 9226
7295 2888
2468 5844
1118 5216
4917 1842
4095 6638
944 3659
965 6494
6311 9793
2733 4774
1820 6129
760 1117
629 77
1001 8139
5157 927
4926 2994
4058 1425
3014 6136
480 1143
6378 4568
4595 8379
1311 4940
368 1982
795 964
8376 9550
2604 2056
251 98
7669 5976
8178 2677
1589 320
2040 7864
9004 9728
4744 1088
3315 4817
253 2
1524 9538
534 3839
4080 289
512 676
8911 7003
1248 253
6329 2982
1675 5052
6264 4522
2651 2169
4727 9404
5331 3608
951 1600
1266 753
3694 7298
3772 5843
821 2640
761 4703
4938 1106
173 6125
7150 9271
7457 8467
3621 3796
6193 7762
5207 5427
111 902
9779 70
1631 245
5033 106
8185 452
1442 1652
4213 7112
1318 2230
9173 2431
57 312
25 737
4332 3431
1488 1386
409 6034
7524 5520
3617 2439
2380 1470
3711 4662
6718 2617
5602 1782
804 9186
9750 4895
1401 717
679 2613
9219 8075
8553 8254
3144 3355
2430 5703
2663 3963
8566 6212
1488 7961
7305 2559
9991 9663
5658 1028
3222 622
4858 9577
9322 9765
67 21
2109 107
1249 1928
583 1423
1717 1729
156 206
2414 3116
6127 9697
377 7035
6986 8476
1475 1021
5744 5269
6349 8331
362 4211
2251 1034
5560 113
8930 1778
2712 2208
5974 6067
4485 6512
7364 4410
6460 8080
337 3576
162 39
1174 1128
4987 5944
1374 1263
6486 3274
2199 2006
9178 299
448 8176
3600 8212
5901 744
4745 3861
9193 4997
2617 7903
3898 466
250 1859
1589 1742
6931 3904
5617 4196
6380 392
1830 2911
1588 8854
1417 2234
1522 2657
1049 1818
3853 2379
8678 1626
5386 2525
4729 1809
1074 4768
2715 3730
9772 5862
1829 5063
3517 8496
175 256
95 8409
976 6038
1984 7230
5029 4820
3108 2683
7937 8375
255 745
2719 6203
1521 2867
73 1575
5109 3874
1981 115
7145 8123
9527 64
6023 3486
5767 5092
1318 4405
9933 4450
6382 3271
1782 1834
1018 597
1199 7872
264 667
2214 476
5358 8734
6195 3719
2794 5755
1407 1562
3271 3103
6547 3978
4433 493
1985 4193
775 1205
2706 2771
3998 2830
9062 9433
1994 3646
8777 333
9109 7563
6833 3072
493 743
7091 4230
8024 1937
7249 2950
1500 5466
539 1623
7712 2603
5522 3336
314 2791
6600 224
5923 1464
2052 2836
625 407
7700 151
3067 8289
2490 5635
995 8126
6278 493
2831 9125
4535 5950
5809 7359
5329 5857
429 9380
1696 4260
1195 1899
496 670
3349 791
2992 581
6314 4711
1334 1291
138 161
711 3330
4291 4440
384 305
2091 5572
4156 2276
5912 6266
6592 2255
5736 5222
3483 4721
2080 5040
841 2446
9389 7420
3384 8368
6264 8710
7787 9960
556 1347
21 9394
9185 3493
2528 3435
1238 2066
1073 2259
497 6273
1425 3557
2346 820
6098 3319
5543 8874
166 3665
1884 3813
3692 1346
2227 5938
4383 4429
2329 3822
4203 5389
6128 9235
4679 1534
3125 2373
72 148
7203 8443
1167 6889
8516 9071
1037 1020
7318 1099
1824 1196
152 6270
8007 1750
141 3136
2002 2931
2772 4166
1224 1275
89 15
371 340
7494 4901
1249 2373
5538 2775
6633 5778
9043 2768
9524 8677
904 579
4832 4141
1317 429
2887 4356
5850 2331
733 423
4960 7265
743 1042
8840 7167
4434 6776
2291 1028
242 7168
4389 258
6574 4069
3299 3994
969 6222
2553 6697
2344 3814
1221 69
3641 2357
3227 9367
560 688
8017 5580
9705 1186
812 360
661 9814
2168 3401
144 750
4357 870
6449 5298
1069 3424
7522 1180
691 5309
2489 9163
9805 8413
6352 6085
581 1573
5341 1912
1731 1987
3946 1567
5980 5819
9959 8872
4011 9079
7078 3299
7569 3659
33 5081
310 514
797 2052
4908 5657
9811 1136
307 104
848 769
2009 5458
1791 6925
3867 1273
9222 4191
3672 1723
9053 7985
9307 9565
6047 1293
388 611
1349 551
8464 8488
6326 2459
311 2025
287 3414
2323 5148
35 405
369 3184
174 2173
2278 167
5532 5233
3941 53
6261 343
8986 2869
4229 3163
7736 2968
9981 6854
7058 8696
6222 8652
9189 615
897 3028
2894 7012
4562 4328
4443 1785
5451 237
31 2
320 3189
693 8989
5827 1987
1169 7282
9430 846
2591 529
8430 6848
2605 6775
4122 4304
4422 8207
5807 364
1414 1086
831 5122
1369 1086
506 1163
4221 2481
6411 4505
2168 9900
7467 6849
5466 9826
88 2206
6421 3337
2219 3766
5695 3901
1076 2617
2410 779
1216 1149
6371 6266
7839 5009
3791 6001
6537 2915
1806 9066
2733 1231
2899 6177
19 911
1575 2714
4616 4547
1781 1915
3382 1306
8146 7281
8859 6842
9790 44
8074 2004
329 768
1083 691
1458 680
669 497
508 2732
5794 7875
5262 1661
9164 8982
700 3183
338 7647
9015 2304
6854 9839
2422 4316
920 2580
2388 1448
6191 7228
4573 9323
3624 391
9336 5173
4027 3005
1860 9516
431 526
1176 2511
5148 8668
899 6366
8584 4502
3073 4129
4210 8585
940 457
1882 227
5979 2864
5548 8564
2044 228
417 932
859 9589
5575 6349
290 1660
358 1373
8332 2342
5446 3071
4225 2279
6338 676
8305 6352
87 88
1809 432
5101 6984
8507 2835
5321 620
423 373
7223 3976
4718 4376
3030 519
4372 501
1294 7493
5539 2491
8209 5554
7578 21
1524 1897
1836 904
7204 1809
1833 488
6193 4970
8920 1999
859 8
9604 5054
1021 5035
1842 1093
251 2572
4165 4784
2549 6072
70 57
3986 4478
127 132
1180 7596
1251 1325
458 3812
2703 3385
9607 5660
8023 944
4333 9743
389 2994
3527 1031
4872 1998
1312 1327
1021 3922
5796 7468
1594 2518
626 2964
208 1207
203 2068
1962 1986
9881 4386
4350 9888
6981 5459
4635 7345
962 8068
309 403
5516 9196
125 84
4501 2220
3214 9659
5525 4174
6376 3042
3655 3870
1936 754
5866 2604
4025 591
2290 9820
7478 4311
1293 1432
7098 1897
6507 4741
4980 7334
2954 465
5268 2718
838 6044
5410 4889
6283 742
1590 2423
9587 3344
7685 1906
806 832
742 218
2570 721
382 7560
732 4326
4070 2664
4619 1213
4520 6381
2030 1533
3995 5536
597 222
2317 1934
9058 997
1620 7139
119 3425
5470 9332
3825 6649
3177 8810
3879 4551
9162 869
5676 4526
1497 3909
647 4578
6045 10
4087 6211
1416 1428
94 268
5235 537
993 310
457 2070
718 2125
617 1525
2819 3575
3422 1759
531 569
995 391
782 1043
967 2971
5000 6617
7216 797
5530 6469
4042 8493
3608 2301
129 173
6632 1312
4700 7730
2682 2217
9733 8050
4742 5504
329 510
2261 518
1648 1779
3334 6926
6009 3773
1858 2894
953 637
850 9551
72 51
2389 2718
193 301
2874 3129
709 2443
299 537
1243 2307
102 28
9542 5116
1089 2177
2067 2018
1711 1738
8802 3251
3426 8448
3937 7461
4285 1271
1586 592
4359 226
9167 7257
5605 6013
5883 8698
3230 3121
4410 345
4576 4858
993 2817
662 700
1404 1194
4170 7128
110 2608
2673 8395
1222 7577
8509 2428
2546 4645
1229 57
646 7042
3449 6183
1246 3397
1902 1684
48 1361
877 1879
921 1392
9601 194
36 9432
8028 2826
2871 1152
3198 5416
5330 8226
577 1026
9023 5661
1962 1700
516 864
3239 894
8050 4826
2056 7245
9667 8089
8841 1903
4741 2849
5201 6117
2731 9642
2787 2967
1313 1263
744 4577
3493 4162
3702 1769
6393 1407
160 1675
6105 5477
3488 7219
8047 2528
6431 3529
8716 5698
3895 5630
9796 1732
1901 8628
2038 1626
8672 654
100 2336
64 6100
5319 5177
2804 2087
5003 854
1492 1929
1805 656
8804 4385
3265 8923
3724 1137
7294 6628
4751 5189
3999 5751
436 4816
1995 5672
1951 5859
6824 3597
5205 8739
12 17
768 4934
2916 1927
2022 984
3226 372
5972 8883
1096 7369
3938 302
7077 8924
9560 8259
6174 9503
238 653
248 2244
1260 1710
5919 1706
3673 1515
5728 8593
1882 5689
3392 501
4696 462
9300 871
150 66
3684 1663
8692 7534
9056 2587
1971 8704
4049 3664
937 3241
7306 7974
2205 64
6745 3930
3187 7808
2819 7661
7093 8918
30 45
2494 2189
20 10
5215 1368
5330 4735
7944 6830
4013 1480
9472 5971
3327 1709
2607 2807
5894 1997
702 2311
4891 8404
357 7890
5382 6353
2173 3150
2984 4087
7637 5589
277 2045
2475 5730
5729 7414
1377 5533
19 719
5610 5643
3860 3216
1560 63
6114 5490
6699 3609
3322 3184
4298 4536
2537 3273
9575 6843
79 152
7091 7841
4639 1368
4585 7233
2264 5345
6727 2039
7604 8951
3587 6896
2764 3783
723 5802
1540 3410
5305 1836
2414 4375
2310 3789
8922 8854
3690 1226
227 1731
533 134
873 1036
9 142
3641 9987
1431 8985
830 414
3430 2692
1039 1630
9352 5834
7599 1533
6229 3184
1227 835
1215 5048
444 8737
249 11
2288 9777
1123 1889
2394 7553
3831 6319
337 7916
1837 3167
581 29
6219 4927
5248 7917
2431 3747
333 241
1953 1404
2586 1668
3579 4601
2451 9400
2433 6209
166 9206
6522 6690
5472 5247
4975 3356
6523 3887
462 310
8997 5147
668 5435
8844 496
1628 7460
2420 3701
1771 7420
128 8462
682 279
4539 16
1203 375
1388 4007
2963 3560
2236 4297
379 1648
6367 3005
2096 3137
7472 3804
8955 4727
614 2106
3389 7483
5001 655
686 863
5669 3507
934 294
7721 2810
1466 877
6630 2872
4684 1630
5747 946
8377 9446
5413 2728
2104 624
9093 4557
5434 7208
4580 4947
925 4022
2788 4589
7554 9939
934 2358
4345 4371
936 2144
7761 3199
1153 1213
3769 2250
1512 3250
94 9305
199 311
4203 4818
6622 2799
7152 2273
2175 1182
3065 3343
96 22
6588 5290
4784 9098
1825 3288
1393 1079
441 7855
6599 1132
444 1160
1438 2378
9437 5099
2318 527
903 3290
6019 3106
5337 7394
9943 5840
147 103
557 2863
796 2075
379 1170
3784 153
192 2207
6317 6595
3077 1191
8396 2312
8012 835
2503 6340
2664 5312
4845 2561
9117 1807
6666 4915
1627 3112
2133 6182
263 4678
9385 9320
73 252
1220 4403
304 6560
1139 6502
9141 3893
7290 2987
6840 6837
260 252
1604 6403
2745 3354
796 19
2451 9561
9240 8737
1303 3190
5855 7629
1536 3577
7324 1762
1125 5188
6759 7909
679 212
236 302
5778 8745
4673 2639
436 8623
1311 281
185 315
1014 2806
5008 2742
4309 980
5044 2935
166 4680
6388 2674
2354 3159
7420 8063
9169 174
5949 8060
5825 4516
967 489
8829 835
1758 3661
8629 1155
4486 5513
321 277
1532 8877
3795 7547
1045 1152
2113 6940
826 816
4467 2412
766 8718
1628 352
2814 2793
2567 1525
926 1676
3310 3059
2421 2021
8371 7415
1366 6216
3038 1575
3871 4458
5797 6191
1167 463
54 77
56 1907
86 1856
1817 1732
3178 1504
248 1653
1114 268
1863 2473
693 6025
1168 6766
1237 1494
1324 76
4448 5191
7801 1717
2460 1997
3747 6510
573 32
2163 1666
297 4746
7519 1109
337 273
2363 1472
984 513
7531 6605
9334 6287
3148 7852
3779 5224
7919 684
1665 32
990 1067
5340 164
97 118
7058 3127
4120 3820
8043 2824
5163 1312
2039 9533
825 655
592 4834
5506 76
722 1346
2390 3874
858 5665
5935 29
4939 46
9938 3282
5119 5428
6695 5693
3102 3537
8915 7933
330 9769
5138 8654
3563 8390
9946 5785
2536 7153
2420 3568
198 766
8122 5094
1718 6306
880 533
5608 4636
6147 6091
1331 2092
589 421
1290 7558
5534 1769
4554 4762
9941 4668
145 40
67 3475
137 2020
4668 4160
7628 3015
4425 4671
6288 4154
1788 1370
302 5185
5562 3653
1748 2546
5194 7620
7755 2674
621 2340
3585 8456
272 570
1645 9303
3085 550
6130 2057
2386 1166
4609 9653
4228 4022
8759 824
5701 4353
1226 5851
8363 6833
494 6148
1236 2979
6149 3537
9455 1078
3043 5205
1871 1493
8686 198
2400 572
628 1713
1290 1108
3900 4146
1173 1140
1790 8962
4766 7231
9266 7982
1561 1154
169 41
1161 1718
6726 3199
653 1040
7079 6771
3783 7316
3855 8895
7363 2129
7405 5739
2342 1836
49 1827
1896 1884
234 149
5455 1199
4946 5646
768 2820
1569 4378
5696 6682
7329 169
9776 583
444 2399
5154 4110
739 3743
3861 6473
3328 4084
6365 5283
3384 1473
7502 8609
240 223
183 927
4728 4322
9787 2967
4579 1081
592 7206
2081 3676
2902 9727
28 1637
2448 688
2064 3303
9292 5137
3675 212
6197 5313
106 751
638 1061
6708 9413
4569 1646
8130 2831
2580 2888
7716 2250
3515 204
1162 1662
6081 1639
5144 8421
513 2498
455 6846
144 6737
6458 1726
4499 3987
1950 1727
8131 7785
463 186
8714 907
1933 908
2174 6765
1621 9753
9770 4939
7503 8650
114 287
5402 6253
8884 611
6103 5904
1556 1198
773 5801
1121 2221
3073 251
2063 589
633 2873
7550 894
1368 3458
451 1134
1851 1880
4387 1530
3516 4808
1514 3034
9715 732
20 39
4718 6678
3366 5450
2026 2645
8009 2631
9248 2294
6035 7166
4104 4588
6941 8752
3463 2991
4150 7267
7396 335
2439 1836
1230 4069
253 3728
7353 9417
4228 5326
920 9710
4283 9149
233 1811
263 182
1409 2504
55 3629
2490 30
14 119
2200 7009
884 2222
5858 9238
1120 441
238 2930
4869 215
609 56
2791 8622
8118 1481
936 1157
7160 5574
861 529
3283 1225
2190 2555
394 388
5580 740
224 310
904 5012
2023 793
151 1087
8725 3908
4813 2243
6602 8688
476 156
3390 4324
449 1496
2549 4370
6231 9860
1925 3478
8984 2896
182 1510
2147 1608
8826 8093
6490 3515
2382 3370
4347 4377
834 546
8175 1900
4843 237
6335 3616
8265 5575
4933 4817
8244 5251
9094 9130
1577 171
9511 9689
2874 7346
1909 860
5161 3890
3934 1969
3302 7580
2487 6709
7918 7625
18 64
5243 3675
8287 7626
